17 [0x391] 8 [00 00 00 00 00 81 00 00]
20 [0x334] 8 [00 00 00 00 00 00 00 00]
24 [0x452] 8 [00 00 00 00 00 00 00 00]
27 [0x002] 8 [FF F8 70 0B 72 00 00 00]
30 [0x351] 8 [00 00 00 00 00 10 21 00]
34 [0x391] 8 [00 00 00 00 00 83 00 00]
37 [0x332] 8 [00 00 FF FF 00 00 00 00]
40 [0x334] 8 [00 00 00 00 00 00 00 00]
45 [0x4B1] 8 [02 08 0F 00 01 06 00 00]
48 [0x002] 8 [FF F8 70 0F 76 00 00 00]
51 [0x391] 8 [00 00 00 00 00 85 00 00]
55 [0x291] 8 [00 04 3A 26 00 00 01 00]
58 [0x334] 8 [00 00 00 00 00 00 00 00]
61 [0x231] 8 [F9 07 1D 1D 1D BB 28 60]
64 [0x4B1] 8 [02 08 01 00 01 06 00 00]
68 [0x002] 8 [FF F8 70 03 6A 00 00 00]
71 [0x391] 8 [00 00 00 00 00 87 00 00]
74 [0x451] 8 [77 02 00 87 1E 00 01 00]
78 [0x334] 8 [00 00 00 00 00 00 00 00]
81 [0x705] 8 [47 49 42 47 0C 00 03 08]
84 [0x4B1] 8 [02 08 03 00 01 06 00 00]
89 [0x002] 8 [FF F8 70 07 6E 00 00 00]
92 [0x391] 8 [00 00 00 00 00 89 00 00]
95 [0x706] 8 [49 00 00 00 00 00 FE 00]
99 [0x334] 8 [00 00 00 00 00 00 00 00]
102 [0x231] 8 [0A 08 1D 1D 1D AF 28 60]
105 [0x4B1] 8 [02 08 05 00 01 06 00 00]
109 [0x002] 8 [FF F8 70 0B 72 00 00 00]
112 [0x391] 8 [00 00 00 00 00 8B 00 00]
116 [0x002] 8 [FF F8 70 0D 74 00 00 00]
119 [0x334] 8 [00 00 00 00 00 00 00 00]
122 [0x432] 8 [81 11 FA 00 1E 8B FA 3E]
126 [0x002] 8 [FF F8 70 0F 76 00 00 00]
130 [0x351] 8 [00 00 00 00 00 10 2B 00]
134 [0x232] 8 [B1 28 1D 27 48 12 A7 00]
137 [0x002] 8 [FF F8 70 01 68 00 00 00]
140 [0x334] 8 [00 00 00 00 00 00 00 00]
144 [0x4B1] 8 [02 08 09 00 01 06 00 00]
147 [0x002] 8 [FF F8 70 03 6A 00 00 00]
151 [0x391] 8 [00 00 00 00 00 8F 00 00]
154 [0x291] 8 [00 04 3A 26 00 00 0B 00]
157 [0x334] 8 [00 00 00 00 00 00 00 00]
161 [0x231] 8 [0A 08 1D 1D 1D B0 28 60]
164 [0x4B1] 8 [02 08 0B 00 01 06 00 00]
168 [0x002] 8 [FF F8 70 07 6E 00 00 00]
172 [0x391] 8 [00 00 00 00 00 81 00 00]
175 [0x491] 8 [5E 6E 20 90 00 B1 B1 1B]
179 [0x334] 8 [00 00 00 00 00 00 00 00]
182 [0x705] 8 [47 49 42 33 0C 00 02 08]
186 [0x002] 8 [FF F8 70 0B 72 00 00 00]
189 [0x351] 8 [00 00 00 00 00 10 2F 00]
192 [0x391] 8 [00 00 00 00 00 83 00 00]
196 [0x002] 8 [FF F8 70 0D 74 00 00 00]
199 [0x334] 8 [00 00 00 00 00 00 00 00]
203 [0x232] 8 [AF 28 1C 27 48 12 A7 00]
206 [0x002] 8 [FF F8 70 0F 76 00 00 00]
210 [0x391] 8 [00 00 00 00 00 85 00 00]
214 [0x235] 8 [00 01 0C 05 03 28 80 00]
217 [0x332] 8 [00 00 FF FF 00 00 00 00]
221 [0x334] 8 [00 00 00 00 00 00 00 00]
224 [0x4B1] 8 [02 08 01 00 01 06 00 00]
228 [0x002] 8 [FF F8 70 03 6A 00 00 00]
231 [0x351] 8 [00 00 00 00 00 10 25 00]
234 [0x705] 8 [47 49 42 36 0C 00 02 08]
238 [0x334] 8 [00 00 00 00 00 00 00 00]
241 [0x706] 8 [49 00 00 00 00 00 FE 00]
245 [0x4B1] 8 [02 08 03 00 01 06 00 00]
248 [0x002] 8 [FF F8 70 07 6E 00 00 00]
251 [0x391] 8 [00 00 00 00 00 89 00 00]
256 [0x002] 8 [FF F8 70 09 70 00 00 00]
259 [0x334] 8 [00 00 00 00 00 00 00 00]
263 [0x231] 8 [F5 07 1D 1D 1D AE 28 60]
266 [0x002] 8 [FF F8 70 0B 72 00 00 00]
269 [0x391] 8 [00 00 00 00 00 8B 00 00]
273 [0x352] 8 [00 00 00 00 01 00 00 00]
276 [0x002] 8 [FF F8 70 0D 74 00 00 00]
280 [0x334] 8 [00 00 00 00 00 00 00 00]
283 [0x232] 8 [B1 28 16 27 48 12 A7 00]
286 [0x002] 8 [FF F8 70 0F 76 00 00 00]
290 [0x391] 8 [00 00 00 00 00 8D 00 00]
293 [0x431] 8 [00 00 00 00 00 42 02 00]
297 [0x333] 8 [00 00 00 00 8B 06 D0 0F]
301 [0x334] 8 [00 00 00 00 00 00 00 00]
304 [0x4B1] 8 [02 08 09 00 01 06 00 00]
308 [0x002] 8 [FF F8 70 03 6A 00 00 00]
311 [0x391] 8 [00 00 00 00 00 8F 00 00]
315 [0x291] 8 [00 04 3A 26 00 00 0B 00]
318 [0x334] 8 [00 00 00 00 00 00 00 00]
321 [0x491] 8 [5E 6E 20 90 00 B1 B1 1B]
325 [0x4B1] 8 [02 08 0B 00 01 06 00 00]
328 [0x002] 8 [FF F8 70 07 6E 00 00 00]
332 [0x351] 8 [00 00 00 00 00 10 2F 00]
335 [0x002] 8 [FF F8 70 09 70 00 00 00]
338 [0x334] 8 [00 00 00 00 00 00 00 00]
343 [0x706] 8 [49 00 00 00 00 00 FE 00]
346 [0x002] 8 [FF F8 70 0B 72 00 00 00]
350 [0x391] 8 [00 00 00 00 00 83 00 00]
353 [0x231] 8 [F1 07 1D 1D 1D AF 28 60]
356 [0x002] 8 [FF F8 70 0D 74 00 00 00]
360 [0x334] 8 [00 00 00 00 00 00 00 00]
363 [0x4B1] 8 [02 08 0F 00 01 06 00 00]
367 [0x002] 8 [FF F8 70 0F 76 00 00 00]
370 [0x391] 8 [00 00 00 00 00 85 00 00]
373 [0x291] 8 [00 04 3A 26 00 00 01 00]
377 [0x334] 8 [00 00 00 00 00 00 00 00]
380 [0x705] 8 [47 49 42 A1 0B 00 FA 07]
385 [0x4B1] 8 [02 08 01 00 01 06 00 00]
388 [0x002] 8 [FF F8 70 03 6A 00 00 00]
391 [0x391] 8 [00 00 00 00 00 87 00 00]
395 [0x706] 8 [49 00 00 00 00 00 FE 00]
398 [0x334] 8 [00 00 00 00 00 00 00 00]
402 [0x231] 8 [00 08 1D 1D 1D B1 28 60]
405 [0x002] 8 [FF F8 70 07 6E 00 00 00]
409 [0x351] 8 [00 00 00 00 00 10 21 00]
412 [0x391] 8 [00 00 00 00 00 89 00 00]
415 [0x002] 8 [FF F8 70 09 70 00 00 00]
419 [0x334] 8 [00 00 00 00 00 00 00 00]
422 [0x231] 8 [EA 07 1D 1D 1D B1 28 60]
427 [0x002] 8 [FF F8 70 0B 72 00 00 00]
430 [0x351] 8 [00 00 00 00 00 10 29 00]
433 [0x235] 8 [00 07 0C 05 03 28 80 00]
437 [0x331] 8 [EE FF 00 00 00 00 01 80]
440 [0x334] 8 [00 00 00 00 00 00 00 00]
444 [0x4B1] 8 [02 08 07 00 01 06 00 00]
447 [0x002] 8 [FF F8 70 0F 76 00 00 00]
450 [0x391] 8 [00 00 00 00 00 8D 00 00]
454 [0x291] 8 [00 04 3A 26 00 00 09 00]
457 [0x334] 8 [00 00 00 00 00 00 00 00]
461 [0x231] 8 [F9 07 1D 1D 1D B1 28 60]
464 [0x4B1] 8 [02 08 09 00 01 06 00 00]
467 [0x002] 8 [FF F8 70 03 6A 00 00 00]
472 [0x391] 8 [00 00 00 00 00 8F 00 00]
475 [0x002] 8 [FF F8 70 05 6C 00 00 00]
479 [0x334] 8 [00 00 00 00 00 00 00 00]
482 [0x705] 8 [47 49 42 7F 0B 00 F2 07]
485 [0x002] 8 [FF F8 70 07 6E 00 00 00]
489 [0x391] 8 [00 00 00 00 00 81 00 00]
492 [0x352] 8 [00 00 00 00 01 00 00 00]
496 [0x002] 8 [FF F8 70 09 70 00 00 00]
499 [0x334] 8 [00 00 00 00 00 00 00 00]
502 [0x232] 8 [B2 28 13 27 48 12 A7 00]
506 [0x002] 8 [FF F8 70 0B 72 00 00 00]
509 [0x391] 8 [00 00 00 00 00 83 00 00]
514 [0x431] 8 [00 00 00 00 00 42 02 00]
517 [0x333] 8 [00 00 00 00 81 06 D0 0F]
520 [0x334] 8 [00 00 00 00 00 00 00 00]
524 [0x4B1] 8 [02 08 0F 00 01 06 00 00]
527 [0x002] 8 [FF F8 70 0F 76 00 00 00]
531 [0x351] 8 [00 00 00 00 00 10 23 00]
534 [0x705] 8 [47 49 42 76 0B 00 E4 07]
537 [0x334] 8 [00 00 00 00 00 00 00 00]
541 [0x706] 8 [49 00 00 00 00 00 FE 00]
544 [0x002] 8 [FF F8 70 03 6A 00 00 00]
548 [0x351] 8 [00 00 00 00 00 10 27 00]
551 [0x391] 8 [00 00 00 00 00 87 00 00]
555 [0x002] 8 [FF F8 70 05 6C 00 00 00]
559 [0x334] 8 [00 00 00 00 00 00 00 00]
562 [0x231] 8 [BD 07 1D 1D 1D B4 28 60]
566 [0x002] 8 [FF F8 70 07 6E 00 00 00]
569 [0x391] 8 [00 00 00 00 00 89 00 00]
572 [0x231] 8 [CD 07 1D 1D 1D B6 28 60]
576 [0x002] 8 [FF F8 70 09 70 00 00 00]
579 [0x334] 8 [00 00 00 00 00 00 00 00]
583 [0x4B1] 8 [02 08 05 00 01 06 00 00]
586 [0x002] 8 [FF F8 70 0B 72 00 00 00]
589 [0x391] 8 [00 00 00 00 00 8B 00 00]
593 [0x291] 8 [00 04 3A 26 00 00 07 00]
596 [0x334] 8 [00 00 00 00 00 00 00 00]
601 [0x231] 8 [CF 07 1D 1D 1D B6 28 60]
604 [0x4B1] 8 [02 08 07 00 01 06 00 00]
607 [0x002] 8 [FF F8 70 0F 76 00 00 00]
611 [0x391] 8 [00 00 00 00 00 8D 00 00]
614 [0x291] 8 [00 04 3A 26 00 00 09 00]
618 [0x334] 8 [00 00 00 00 00 00 00 00]
621 [0x491] 8 [5E 6E 20 90 00 B1 B1 1B]
625 [0x002] 8 [FF F8 70 03 6A 00 00 00]
628 [0x351] 8 [00 00 00 00 00 10 25 00]
631 [0x351] 8 [00 00 00 00 00 10 2D 00]
635 [0x002] 8 [FF F8 70 05 6C 00 00 00]
638 [0x334] 8 [00 00 00 00 00 00 00 00]
643 [0x231] 8 [CD 07 1D 1D 1D B6 28 60]
646 [0x002] 8 [FF F8 70 07 6E 00 00 00]
649 [0x391] 8 [00 00 00 00 00 81 00 00]
653 [0x235] 8 [00 0D 0D 05 03 28 80 00]
656 [0x331] 8 [EE FF 00 00 00 00 01 80]
660 [0x334] 8 [00 00 00 00 00 00 00 00]
663 [0x4B1] 8 [02 08 0D 00 01 06 00 00]
666 [0x002] 8 [FF F8 70 0B 72 00 00 00]
670 [0x391] 8 [00 00 00 00 00 83 00 00]
673 [0x291] 8 [00 04 3A 26 00 00 0F 00]
677 [0x334] 8 [00 00 00 00 00 00 00 00]
680 [0x705] 8 [47 4B 42 7A 0B 00 C4 07]
684 [0x4B1] 8 [02 08 0F 00 01 06 00 00]
688 [0x002] 8 [FF F8 70 0F 76 00 00 00]
691 [0x391] 8 [00 00 00 00 00 85 00 00]
695 [0x002] 8 [FF F8 70 01 68 00 00 00]
698 [0x334] 8 [00 00 00 00 00 00 00 00]
701 [0x231] 8 [CC 07 1D 1D 1D B6 28 60]
705 [0x002] 8 [FF F8 70 03 6A 00 00 00]
708 [0x391] 8 [00 00 00 00 00 87 00 00]
712 [0x352] 8 [00 00 00 00 01 00 00 00]
715 [0x002] 8 [FF F8 70 05 6C 00 00 00]
718 [0x334] 8 [00 00 00 00 00 00 00 00]
722 [0x451] 8 [51 02 00 87 1C 00 01 00]
726 [0x002] 8 [FF F8 70 07 6E 00 00 00]
730 [0x351] 8 [00 00 00 00 00 10 27 00]
733 [0x391] 8 [00 00 00 00 00 89 00 00]
736 [0x333] 8 [00 00 00 00 87 06 D0 0F]
740 [0x334] 8 [00 00 00 00 00 00 00 00]
743 [0x4B1] 8 [02 08 05 00 01 06 00 00]
747 [0x002] 8 [FF F8 70 0B 72 00 00 00]
750 [0x391] 8 [00 00 00 00 00 8B 00 00]
753 [0x291] 8 [00 04 3A 26 00 00 07 00]
757 [0x334] 8 [00 00 00 00 00 00 00 00]
760 [0x231] 8 [CA 07 1D 1D 1D B6 28 60]
764 [0x002] 8 [FF F8 70 0F 76 00 00 00]
768 [0x352] 8 [00 00 00 00 01 00 00 00]
771 [0x391] 8 [00 00 00 00 00 8D 00 00]
775 [0x002] 8 [FF F8 70 01 68 00 00 00]
778 [0x334] 8 [00 00 00 00 00 00 00 00]
782 [0x705] 8 [47 4B 42 99 0B 00 C1 07]
785 [0x002] 8 [FF F8 70 03 6A 00 00 00]
788 [0x391] 8 [00 00 00 00 00 8F 00 00]
792 [0x232] 8 [B6 28 19 27 48 12 A7 00]
795 [0x002] 8 [FF F8 70 05 6C 00 00 00]
799 [0x334] 8 [00 00 00 00 00 00 00 00]
802 [0x4B1] 8 [02 08 0B 00 01 06 00 00]
805 [0x002] 8 [FF F8 70 07 6E 00 00 00]
809 [0x391] 8 [00 00 00 00 00 81 00 00]
813 [0x291] 8 [00 04 3A 26 00 00 0D 00]
817 [0x334] 8 [00 00 00 00 00 00 00 00]
820 [0x491] 8 [5E 6E 20 90 00 B1 B1 1B]
823 [0x4B1] 8 [02 08 0D 00 01 06 00 00]
827 [0x002] 8 [FF F8 70 0B 72 00 00 00]
830 [0x351] 8 [00 00 00 00 00 10 21 00]
834 [0x002] 8 [FF F8 70 0D 74 00 00 00]
837 [0x334] 8 [00 00 00 00 00 00 00 00]
841 [0x706] 8 [49 00 00 00 00 00 FE 00]
844 [0x002] 8 [FF F8 70 0F 76 00 00 00]
847 [0x351] 8 [00 00 00 00 00 10 2B 00]
851 [0x391] 8 [00 00 00 00 00 85 00 00]
855 [0x002] 8 [FF F8 70 01 68 00 00 00]
859 [0x334] 8 [00 00 00 00 00 00 00 00]
862 [0x231] 8 [B6 07 1D 1D 1D B5 28 60]
865 [0x002] 8 [FF F8 70 03 6A 00 00 00]
869 [0x391] 8 [00 00 00 00 00 87 00 00]
872 [0x232] 8 [B7 28 1A 27 48 12 A7 00]
876 [0x331] 8 [EE FF 00 00 00 00 01 80]
879 [0x334] 8 [00 00 00 00 00 00 00 00]
882 [0x4B1] 8 [02 08 03 00 01 06 00 00]
886 [0x002] 8 [FF F8 70 07 6E 00 00 00]
889 [0x391] 8 [00 00 00 00 00 89 00 00]
893 [0x291] 8 [00 04 3A 26 00 00 05 00]
897 [0x334] 8 [00 00 00 00 00 00 00 00]
900 [0x231] 8 [B5 07 1D 1D 1D B5 28 60]
904 [0x4B1] 8 [02 08 05 00 01 06 00 00]
907 [0x002] 8 [FF F8 70 0B 72 00 00 00]
911 [0x391] 8 [00 00 00 00 00 8B 00 00]
914 [0x002] 8 [FF F8 70 0D 74 00 00 00]
917 [0x334] 8 [00 00 00 00 00 00 00 00]
921 [0x491] 8 [5E 6E 20 90 00 B1 B1 1B]
924 [0x002] 8 [FF F8 70 0F 76 00 00 00]
928 [0x351] 8 [00 00 00 00 00 10 23 00]
931 [0x351] 8 [00 00 00 00 00 10 2B 00]
934 [0x002] 8 [FF F8 70 01 68 00 00 00]
939 [0x334] 8 [00 00 00 00 00 00 00 00]
942 [0x4B1] 8 [02 08 09 00 01 06 00 00]
946 [0x002] 8 [FF F8 70 03 6A 00 00 00]
949 [0x391] 8 [00 00 00 00 00 8F 00 00]
952 [0x431] 8 [00 00 00 00 00 42 02 00]
956 [0x333] 8 [00 00 00 00 8D 06 D0 0F]
959 [0x334] 8 [00 00 00 00 00 00 00 00]
963 [0x4B1] 8 [02 08 0B 00 01 06 00 00]
966 [0x002] 8 [FF F8 70 07 6E 00 00 00]
969 [0x391] 8 [00 00 00 00 00 81 00 00]
973 [0x452] 8 [00 00 00 00 00 00 00 00]
976 [0x334] 8 [00 00 00 00 00 00 00 00]
980 [0x705] 8 [47 4B 42 B3 0B 00 BD 07]
984 [0x002] 8 [FF F8 70 0B 72 00 00 00]
987 [0x352] 8 [00 00 00 00 01 00 00 00]
991 [0x391] 8 [00 00 00 00 00 83 00 00]
994 [0x002] 8 [FF F8 70 0D 74 00 00 00]
998 [0x334] 8 [00 00 00 00 00 00 00 00]
1001 [0x231] 8 [C4 07 1D 1D 1D B6 28 60]
1005 [0x002] 8 [FF F8 70 0F 76 00 00 00]
1008 [0x391] 8 [00 00 00 00 00 85 00 00]
1012 [0x232] 8 [B6 28 1A 27 48 12 A7 00]
1015 [0x331] 8 [EE FF 00 00 00 00 01 80]
1018 [0x334] 8 [00 00 00 00 00 00 00 00]
1022 [0x4B1] 8 [02 08 01 00 01 06 00 00]
1026 [0x002] 8 [FF F8 70 03 6A 00 00 00]
1030 [0x351] 8 [00 00 00 00 00 10 25 00]
1033 [0x291] 8 [00 04 3A 26 00 00 03 00]
1037 [0x334] 8 [00 00 00 00 00 00 00 00]
1040 [0x706] 8 [49 00 00 00 00 00 FE 00]
1044 [0x002] 8 [FF F8 70 07 6E 00 00 00]
1047 [0x351] 8 [00 00 00 00 00 10 21 00]
1051 [0x391] 8 [00 00 00 00 00 89 00 00]
1054 [0x002] 8 [FF F8 70 09 70 00 00 00]
1058 [0x334] 8 [00 00 00 00 00 00 00 00]
1061 [0x4B1] 8 [02 08 05 00 01 06 00 00]
1065 [0x002] 8 [FF F8 70 0B 72 00 00 00]
1069 [0x391] 8 [00 00 00 00 00 8B 00 00]
1073 [0x432] 8 [81 11 FA 00 1E 8D FA 3E]
1076 [0x334] 8 [00 00 00 00 00 00 00 00]
1080 [0x705] 8 [47 49 42 9D 0B 00 BA 07]
1083 [0x4B1] 8 [02 08 07 00 01 06 00 00]
1087 [0x002] 8 [FF F8 70 0F 76 00 00 00]
1090 [0x351] 8 [00 00 00 00 00 10 2B 00]
1094 [0x002] 8 [FF F8 70 01 68 00 00 00]
1097 [0x334] 8 [00 00 00 00 00 00 00 00]
1101 [0x231] 8 [B0 07 1D 1D 1D B5 28 60]
1104 [0x002] 8 [FF F8 70 03 6A 00 00 00]
1108 [0x391] 8 [00 00 00 00 00 8F 00 00]
1112 [0x235] 8 [00 0B 0D 05 03 28 80 00]
1116 [0x332] 8 [00 00 FF FF 00 00 00 00]
1119 [0x334] 8 [00 00 00 00 00 00 00 00]
1123 [0x4B1] 8 [02 08 0B 00 01 06 00 00]
1126 [0x002] 8 [FF F8 70 07 6E 00 00 00]
1130 [0x351] 8 [00 00 00 00 00 10 2F 00]
1133 [0x002] 8 [FF F8 70 09 70 00 00 00]
1137 [0x334] 8 [00 00 00 00 00 00 00 00]
1140 [0x706] 8 [49 00 00 00 00 00 FE 00]
1144 [0x002] 8 [FF F8 70 0B 72 00 00 00]
1147 [0x391] 8 [00 00 00 00 00 83 00 00]
1150 [0x351] 8 [00 00 00 00 00 10 21 00]
1155 [0x002] 8 [FF F8 70 0D 74 00 00 00]
1158 [0x334] 8 [00 00 00 00 00 00 00 00]
1162 [0x4B1] 8 [02 08 0F 00 01 06 00 00]
1165 [0x002] 8 [FF F8 70 0F 76 00 00 00]
1169 [0x391] 8 [00 00 00 00 00 85 00 00]
1172 [0x451] 8 [55 02 00 87 1C 00 01 00]
1176 [0x334] 8 [00 00 00 00 00 00 00 00]
1179 [0x705] 8 [47 49 42 B5 0B 00 B6 07]
1183 [0x002] 8 [FF F8 70 03 6A 00 00 00]
1186 [0x351] 8 [00 00 00 00 00 10 27 00]
1190 [0x391] 8 [00 00 00 00 00 87 00 00]
1193 [0x002] 8 [FF F8 70 05 6C 00 00 00]
1198 [0x334] 8 [00 00 00 00 00 00 00 00]
1201 [0x231] 8 [AD 07 1D 1D 1D B6 28 60]
1205 [0x002] 8 [FF F8 70 07 6E 00 00 00]
1208 [0x391] 8 [00 00 00 00 00 89 00 00]
1212 [0x235] 8 [00 05 0D 05 03 28 80 00]
1215 [0x332] 8 [00 00 FF FF 00 00 00 00]
1219 [0x334] 8 [00 00 00 00 00 00 00 00]
1222 [0x4B1] 8 [02 08 05 00 01 06 00 00]
1226 [0x002] 8 [FF F8 70 0B 72 00 00 00]
1229 [0x351] 8 [00 00 00 00 00 10 29 00]
1233 [0x002] 8 [FF F8 70 0D 74 00 00 00]
1236 [0x334] 8 [00 00 00 00 00 00 00 00]
1241 [0x706] 8 [49 00 00 00 00 00 FE 00]
1244 [0x002] 8 [FF F8 70 0F 76 00 00 00]
1248 [0x391] 8 [00 00 00 00 00 8D 00 00]
1251 [0x352] 8 [00 00 00 00 01 00 00 00]
1255 [0x002] 8 [FF F8 70 01 68 00 00 00]
1258 [0x334] 8 [00 00 00 00 00 00 00 00]
1262 [0x4B1] 8 [02 08 09 00 01 06 00 00]
1265 [0x002] 8 [FF F8 70 03 6A 00 00 00]
1269 [0x391] 8 [00 00 00 00 00 8F 00 00]
1272 [0x451] 8 [58 02 00 87 1C 00 01 00]
1276 [0x334] 8 [00 00 00 00 00 00 00 00]
1280 [0x705] 8 [47 49 42 BC 0B 00 B5 07]
1283 [0x002] 8 [FF F8 70 07 6E 00 00 00]
1287 [0x351] 8 [00 00 00 00 00 10 25 00]
1290 [0x391] 8 [00 00 00 00 00 81 00 00]
1294 [0x002] 8 [FF F8 70 09 70 00 00 00]
1297 [0x334] 8 [00 00 00 00 00 00 00 00]
1301 [0x232] 8 [B8 28 1B 27 48 12 A7 00]
1304 [0x002] 8 [FF F8 70 0B 72 00 00 00]
1308 [0x391] 8 [00 00 00 00 00 83 00 00]
1311 [0x431] 8 [00 00 00 00 00 42 02 00]
1315 [0x333] 8 [00 00 00 00 81 06 D0 0F]
1318 [0x334] 8 [00 00 00 00 00 00 00 00]
1323 [0x4B1] 8 [02 08 0F 00 01 06 00 00]
1326 [0x002] 8 [FF F8 70 0F 76 00 00 00]
1330 [0x351] 8 [00 00 00 00 00 10 23 00]
1333 [0x002] 8 [FF F8 70 01 68 00 00 00]
1337 [0x334] 8 [00 00 00 00 00 00 00 00]
1340 [0x706] 8 [49 00 00 00 00 00 FE 00]
1344 [0x002] 8 [FF F8 70 03 6A 00 00 00]
1347 [0x391] 8 [00 00 00 00 00 87 00 00]
1351 [0x231] 8 [AA 07 1D 1D 1D B6 28 60]
1354 [0x002] 8 [FF F8 70 05 6C 00 00 00]
1358 [0x334] 8 [00 00 00 00 00 00 00 00]
1361 [0x4B1] 8 [02 08 03 00 01 06 00 00]
1366 [0x002] 8 [FF F8 70 07 6E 00 00 00]
1369 [0x391] 8 [00 00 00 00 00 89 00 00]
1373 [0x291] 8 [00 04 3A 26 00 00 05 00]
1376 [0x334] 8 [00 00 00 00 00 00 00 00]
1380 [0x705] 8 [47 49 42 98 0B 00 B2 07]
1383 [0x002] 8 [FF F8 70 0B 72 00 00 00]
1387 [0x351] 8 [00 00 00 00 00 10 2F 00]
1390 [0x391] 8 [00 00 00 00 00 8B 00 00]
1394 [0x002] 8 [FF F8 70 0D 74 00 00 00]
1397 [0x334] 8 [00 00 00 00 00 00 00 00]
1401 [0x232] 8 [B7 28 19 27 48 12 A7 00]
1404 [0x002] 8 [FF F8 70 0F 76 00 00 00]
1409 [0x351] 8 [00 00 00 00 00 10 2B 00]
1412 [0x431] 8 [00 00 00 00 00 42 02 00]
1415 [0x334] 8 [00 00 00 00 00 00 00 00]
1419 [0x491] 8 [5E 6E 20 90 00 B1 B1 1B]
1422 [0x4B1] 8 [02 08 09 00 01 06 00 00]
1426 [0x002] 8 [FF F8 70 03 6A 00 00 00]
1429 [0x351] 8 [00 00 00 00 00 10 2D 00]
1433 [0x002] 8 [FF F8 70 05 6C 00 00 00]
1436 [0x334] 8 [00 00 00 00 00 00 00 00]
1440 [0x706] 8 [49 00 00 00 00 00 FE 00]
1443 [0x002] 8 [FF F8 70 07 6E 00 00 00]
1447 [0x391] 8 [00 00 00 00 00 81 00 00]
1451 [0x232] 8 [B9 28 19 27 48 12 A7 00]
1455 [0x331] 8 [EE FF 00 00 00 00 00 80]
1458 [0x334] 8 [00 00 00 00 00 00 00 00]
1462 [0x4B1] 8 [02 08 0D 00 01 06 00 00]
1465 [0x002] 8 [FF F8 70 0B 72 00 00 00]
1469 [0x391] 8 [00 00 00 00 00 83 00 00]
1472 [0x291] 8 [00 04 3A 26 00 00 0F 00]
1476 [0x334] 8 [00 00 00 00 00 00 00 00]
1479 [0x705] 8 [47 49 42 8D 0B 00 AF 07]
1483 [0x002] 8 [FF F8 70 0F 76 00 00 00]
1486 [0x351] 8 [00 00 00 00 00 10 29 00]
1490 [0x391] 8 [00 00 00 00 00 85 00 00]
1494 [0x002] 8 [FF F8 70 01 68 00 00 00]
1498 [0x334] 8 [00 00 00 00 00 00 00 00]
1501 [0x4B1] 8 [02 08 01 00 01 06 00 00]
1505 [0x002] 8 [FF F8 70 03 6A 00 00 00]
1508 [0x391] 8 [00 00 00 00 00 87 00 00]
1512 [0x235] 8 [00 03 0D 05 03 28 80 00]
1515 [0x334] 8 [00 00 00 00 00 00 00 00]
1519 [0x491] 8 [5E 6E 20 90 00 B1 B1 1B]
1522 [0x002] 8 [FF F8 70 07 6E 00 00 00]
1526 [0x351] 8 [00 00 00 00 00 10 23 00]
1529 [0x351] 8 [00 00 00 00 00 10 27 00]
1533 [0x002] 8 [FF F8 70 09 70 00 00 00]
1537 [0x334] 8 [00 00 00 00 00 00 00 00]
1541 [0x706] 8 [49 00 00 00 00 00 FE 00]
1544 [0x002] 8 [FF F8 70 0B 72 00 00 00]
1547 [0x391] 8 [00 00 00 00 00 8B 00 00]
1551 [0x232] 8 [B7 28 1A 27 48 12 A7 00]
1554 [0x331] 8 [EE FF 00 00 00 00 01 80]
1558 [0x334] 8 [00 00 00 00 00 00 00 00]
1561 [0x4B1] 8 [02 08 07 00 01 06 00 00]
1565 [0x002] 8 [FF F8 70 0F 76 00 00 00]
1568 [0x391] 8 [00 00 00 00 00 8D 00 00]
1572 [0x002] 8 [FF F8 70 01 68 00 00 00]
1575 [0x334] 8 [00 00 00 00 00 00 00 00]
1580 [0x705] 8 [47 49 42 8F 0B 00 AD 07]
1583 [0x002] 8 [FF F8 70 03 6A 00 00 00]
1587 [0x352] 8 [00 00 00 00 01 00 00 00]
1590 [0x391] 8 [00 00 00 00 00 8F 00 00]
1594 [0x002] 8 [FF F8 70 05 6C 00 00 00]
1597 [0x334] 8 [00 00 00 00 00 00 00 00]
1601 [0x4B1] 8 [02 08 0B 00 01 06 00 00]
1604 [0x002] 8 [FF F8 70 07 6E 00 00 00]
1608 [0x391] 8 [00 00 00 00 00 81 00 00]
1611 [0x431] 8 [00 00 00 00 00 42 02 00]
1615 [0x334] 8 [00 00 00 00 00 00 00 00]
1618 [0x491] 8 [5E 6E 20 90 00 B1 B1 1B]
1623 [0x002] 8 [FF F8 70 0B 72 00 00 00]
1626 [0x351] 8 [00 00 00 00 00 10 2D 00]
1630 [0x351] 8 [00 00 00 00 00 10 21 00]
1633 [0x002] 8 [FF F8 70 0D 74 00 00 00]
1637 [0x334] 8 [00 00 00 00 00 00 00 00]
1640 [0x231] 8 [B3 07 1D 1D 1D B8 28 60]
1644 [0x002] 8 [FF F8 70 0F 76 00 00 00]
1647 [0x391] 8 [00 00 00 00 00 85 00 00]
1651 [0x235] 8 [00 01 0D 05 03 28 80 00]
1654 [0x332] 8 [00 00 FF FF 00 00 00 00]
1658 [0x334] 8 [00 00 00 00 00 00 00 00]
1661 [0x232] 8 [B8 28 1C 27 48 12 A7 00]
1666 [0x002] 8 [FF F8 70 03 6A 00 00 00]
1669 [0x391] 8 [00 00 00 00 00 87 00 00]
1672 [0x452] 8 [00 00 00 00 00 00 00 00]
1676 [0x334] 8 [00 00 00 00 00 00 00 00]
1679 [0x705] 8 [47 49 42 8D 0B 00 AB 07]
1683 [0x002] 8 [FF F8 70 07 6E 00 00 00]
1686 [0x391] 8 [00 00 00 00 00 89 00 00]
1690 [0x231] 8 [A0 07 1D 1D 1D B7 28 60]
1693 [0x002] 8 [FF F8 70 09 70 00 00 00]
1697 [0x334] 8 [00 00 00 00 00 00 00 00]
1700 [0x232] 8 [B9 28 1D 27 48 12 A7 00]
1704 [0x002] 8 [FF F8 70 0B 72 00 00 00]
1708 [0x391] 8 [00 00 00 00 00 8B 00 00]
1712 [0x291] 8 [00 04 3A 26 00 00 07 00]
1715 [0x334] 8 [00 00 00 00 00 00 00 00]
1719 [0x491] 8 [5E 6E 20 90 00 B1 B1 1B]
1722 [0x002] 8 [FF F8 70 0F 76 00 00 00]
1726 [0x352] 8 [00 00 00 00 01 00 00 00]
1729 [0x351] 8 [00 00 00 00 00 10 2B 00]
1733 [0x002] 8 [FF F8 70 01 68 00 00 00]
1736 [0x334] 8 [00 00 00 00 00 00 00 00]
1740 [0x231] 8 [A0 07 1D 1D 1D B7 28 60]
1743 [0x002] 8 [FF F8 70 03 6A 00 00 00]
1747 [0x391] 8 [00 00 00 00 00 8F 00 00]
1751 [0x352] 8 [00 00 00 00 01 00 00 00]
1755 [0x333] 8 [00 00 00 00 8D 06 D0 0F]
1758 [0x334] 8 [00 00 00 00 00 00 00 00]
1762 [0x002] 8 [FF F8 70 07 6E 00 00 00]
1765 [0x352] 8 [00 00 00 00 01 00 00 00]
1769 [0x391] 8 [00 00 00 00 00 81 00 00]
1772 [0x491] 8 [5E 6E 20 90 00 B1 B1 1B]
1776 [0x334] 8 [00 00 00 00 00 00 00 00]
1779 [0x705] 8 [47 49 42 92 0B 00 A7 07]
1783 [0x002] 8 [FF F8 70 0B 72 00 00 00]
1786 [0x391] 8 [00 00 00 00 00 83 00 00]
1790 [0x231] 8 [AF 07 1D 1D 1D B8 28 60]
1794 [0x002] 8 [FF F8 70 0D 74 00 00 00]
1798 [0x334] 8 [00 00 00 00 00 00 00 00]
1801 [0x232] 8 [B8 28 1D 27 48 12 A7 00]
1804 [0x002] 8 [FF F8 70 0F 76 00 00 00]
1808 [0x391] 8 [00 00 00 00 00 85 00 00]
1811 [0x291] 8 [00 04 3A 26 00 00 01 00]
1815 [0x334] 8 [00 00 00 00 00 00 00 00]
1818 [0x491] 8 [5E 6E 20 90 00 B1 B1 1B]
1822 [0x002] 8 [FF F8 70 03 6A 00 00 00]
1825 [0x351] 8 [00 00 00 00 00 10 2F 00]
1829 [0x351] 8 [00 00 00 00 00 10 25 00]
1832 [0x002] 8 [FF F8 70 05 6C 00 00 00]
1837 [0x334] 8 [00 00 00 00 00 00 00 00]
1840 [0x231] 8 [9E 07 1D 1D 1D B7 28 60]
1844 [0x002] 8 [FF F8 70 07 6E 00 00 00]
1847 [0x391] 8 [00 00 00 00 00 89 00 00]
1851 [0x431] 8 [00 00 00 00 00 42 02 00]
1854 [0x333] 8 [00 00 00 00 87 06 D0 0F]
1858 [0x334] 8 [00 00 00 00 00 00 00 00]
1861 [0x002] 8 [FF F8 70 0B 72 00 00 00]
1865 [0x352] 8 [00 00 00 00 01 00 00 00]
1868 [0x391] 8 [00 00 00 00 00 8B 00 00]
1872 [0x491] 8 [5E 6E 20 90 00 B1 B1 1B]
1875 [0x334] 8 [00 00 00 00 00 00 00 00]
1880 [0x705] 8 [47 49 42 AE 0B 00 A6 07]
1883 [0x002] 8 [FF F8 70 0F 76 00 00 00]
1887 [0x391] 8 [00 00 00 00 00 8D 00 00]
1890 [0x232] 8 [B8 28 1D 27 48 12 A7 00]
1894 [0x331] 8 [EE FF 00 00 00 00 01 80]
1897 [0x334] 8 [00 00 00 00 00 00 00 00]
1901 [0x232] 8 [B8 28 1D 27 48 12 A7 00]
1904 [0x002] 8 [FF F8 70 03 6A 00 00 00]
1908 [0x391] 8 [00 00 00 00 00 8F 00 00]
1911 [0x291] 8 [00 04 3A 26 00 00 0B 00]
1915 [0x334] 8 [00 00 00 00 00 00 00 00]
1918 [0x491] 8 [5E 6E 20 90 00 B1 B1 1B]
1923 [0x002] 8 [FF F8 70 07 6E 00 00 00]
1926 [0x351] 8 [00 00 00 00 00 10 29 00]
1930 [0x351] 8 [00 00 00 00 00 10 2F 00]
1933 [0x291] 8 [00 04 3A 26 00 00 0D 00]
1936 [0x334] 8 [00 00 00 00 00 00 00 00]
1940 [0x232] 8 [BA 28 1E 27 48 12 A7 00]
1943 [0x002] 8 [FF F8 70 0B 72 00 00 00]
1947 [0x391] 8 [00 00 00 00 00 83 00 00]
1950 [0x431] 8 [00 00 00 00 00 42 02 00]
1954 [0x334] 8 [00 00 00 00 00 00 00 00]
1957 [0x4B1] 8 [02 08 0F 00 01 06 00 00]
1961 [0x002] 8 [FF F8 70 0F 76 00 00 00]
1965 [0x352] 8 [00 00 00 00 01 00 00 00]
1969 [0x391] 8 [00 00 00 00 00 85 00 00]
1972 [0x491] 8 [5E 6E 20 90 00 B1 B1 1B]
1976 [0x334] 8 [00 00 00 00 00 00 00 00]
1979 [0x705] 8 [47 49 42 AF 0B 00 A4 07]
1983 [0x002] 8 [FF F8 70 03 6A 00 00 00]
1986 [0x391] 8 [00 00 00 00 00 87 00 00]
1990 [0x232] 8 [B8 28 1F 27 48 12 A7 00]
1993 [0x331] 8 [EE FF 00 00 00 00 01 80]
1997 [0x334] 8 [00 00 00 00 00 00 00 00]
2000 [0x232] 8 [BA 28 1F 27 48 12 A7 00]
2004 [0x002] 8 [FF F8 70 07 6E 00 00 00]
2008 [0x391] 8 [00 00 00 00 00 89 00 00]
2012 [0x291] 8 [00 04 3A 26 00 00 05 00]
2015 [0x334] 8 [00 00 00 00 00 00 00 00]
2019 [0x491] 8 [5E 6E 20 90 00 B1 B1 1B]
2022 [0x002] 8 [FF F8 70 0B 72 00 00 00]
2026 [0x351] 8 [00 00 00 00 00 10 23 00]
2029 [0x351] 8 [00 00 00 00 00 10 29 00]
2033 [0x291] 8 [00 04 3A 26 00 00 07 00]
2036 [0x334] 8 [00 00 00 00 00 00 00 00]
2040 [0x232] 8 [BA 28 1F 27 48 12 A7 00]
2043 [0x002] 8 [FF F8 70 0F 76 00 00 00]
2048 [0x391] 8 [00 00 00 00 00 8D 00 00]
2051 [0x431] 8 [00 00 00 00 00 42 02 00]
2055 [0x334] 8 [00 00 00 00 00 00 00 00]
2058 [0x4B1] 8 [02 08 09 00 01 06 00 00]
2062 [0x002] 8 [FF F8 70 03 6A 00 00 00]
2065 [0x352] 8 [00 00 00 00 01 00 00 00]
2068 [0x391] 8 [00 00 00 00 00 8F 00 00]
2072 [0x491] 8 [5E 6E 20 90 00 B1 B1 1B]
2075 [0x334] 8 [00 00 00 00 00 00 00 00]
2079 [0x705] 8 [47 4B 42 AD 0B 00 A3 07]
2082 [0x002] 8 [FF F8 70 07 6E 00 00 00]
2086 [0x391] 8 [00 00 00 00 00 81 00 00]
2089 [0x235] 8 [00 0D 0D 05 03 28 80 00]
2094 [0x332] 8 [00 00 FF FF 00 00 00 00]
2097 [0x334] 8 [00 00 00 00 00 00 00 00]
2101 [0x002] 8 [FF F8 70 0B 72 00 00 00]
2104 [0x351] 8 [00 00 00 00 00 10 2D 00]
2108 [0x391] 8 [00 00 00 00 00 83 00 00]
2111 [0x291] 8 [00 04 3A 26 00 00 0F 00]
2115 [0x334] 8 [00 00 00 00 00 00 00 00]
2118 [0x491] 8 [5E 6E 20 90 00 B1 B1 1B]
2122 [0x002] 8 [FF F8 70 0F 76 00 00 00]
2125 [0x351] 8 [00 00 00 00 00 10 23 00]
2129 [0x352] 8 [00 00 00 00 01 00 00 00]
2132 [0x291] 8 [00 04 3A 26 00 00 01 00]
2137 [0x334] 8 [00 00 00 00 00 00 00 00]
2140 [0x232] 8 [B8 28 1E 27 48 12 A7 00]
2144 [0x002] 8 [FF F8 70 03 6A 00 00 00]
2147 [0x391] 8 [00 00 00 00 00 87 00 00]
2151 [0x002] 8 [FF F8 70 05 6C 00 00 00]
2154 [0x334] 8 [00 00 00 00 00 00 00 00]
2158 [0x4B1] 8 [02 08 03 00 01 06 00 00]
2161 [0x002] 8 [FF F8 70 07 6E 00 00 00]
2165 [0x351] 8 [00 00 00 00 00 10 21 00]
2168 [0x391] 8 [00 00 00 00 00 89 00 00]
2172 [0x491] 8 [5E 6E 20 90 00 B1 B1 1B]
2176 [0x334] 8 [00 00 00 00 00 00 00 00]
2180 [0x4B1] 8 [02 08 05 00 01 06 00 00]
2183 [0x002] 8 [FF F8 70 0B 72 00 00 00]
2187 [0x391] 8 [00 00 00 00 00 8B 00 00]
2190 [0x352] 8 [00 00 00 00 01 00 00 00]
2193 [0x333] 8 [00 00 00 00 89 06 D0 0F]
2197 [0x334] 8 [00 00 00 00 00 00 00 00]
2200 [0x002] 8 [FF F8 70 0F 76 00 00 00]
2204 [0x351] 8 [00 00 00 00 00 10 27 00]
2207 [0x391] 8 [00 00 00 00 00 8D 00 00]
2211 [0x291] 8 [00 04 39 26 00 00 09 00]
2214 [0x334] 8 [00 00 00 00 00 00 00 00]
2219 [0x491] 8 [5E 6E 20 90 00 B1 B1 1B]
2222 [0x002] 8 [FF F8 70 03 6A 00 00 00]
2226 [0x351] 8 [00 00 00 00 00 10 2D 00]
2229 [0x391] 8 [00 00 00 00 00 8F 00 00]
2233 [0x291] 8 [00 04 39 26 00 00 0B 00]
2236 [0x334] 8 [00 00 00 00 00 00 00 00]
2240 [0x232] 8 [B8 28 1F 27 48 12 A7 00]
2243 [0x002] 8 [FF F8 70 07 6E 00 00 00]
2247 [0x391] 8 [00 00 00 00 00 81 00 00]
2250 [0x002] 8 [FF F8 70 09 70 00 00 00]
2254 [0x334] 8 [00 00 00 00 00 00 00 00]
2257 [0x4B1] 8 [02 08 0D 00 01 06 00 00]
2262 [0x002] 8 [FF F8 70 0B 72 00 00 00]
2265 [0x351] 8 [00 00 00 00 00 10 2B 00]
2269 [0x391] 8 [00 00 00 00 00 83 00 00]
2272 [0x491] 8 [5E 6E 20 90 00 B1 B1 1B]
2276 [0x334] 8 [00 00 00 00 00 00 00 00]
2279 [0x231] 8 [AD 07 1D 1D 1D B9 28 60]
2283 [0x002] 8 [FF F8 70 0F 76 00 00 00]
2286 [0x391] 8 [00 00 00 00 00 85 00 00]
2290 [0x431] 8 [00 00 00 00 00 42 02 00]
2293 [0x333] 8 [00 00 00 00 83 06 D0 0F]
2297 [0x334] 8 [00 00 00 00 00 00 00 00]
2300 [0x002] 8 [FF F8 70 03 6A 00 00 00]
2305 [0x351] 8 [00 00 00 00 00 10 21 00]
2308 [0x391] 8 [00 00 00 00 00 87 00 00]
2312 [0x291] 8 [00 04 39 26 00 00 03 00]
2315 [0x334] 8 [00 00 00 00 00 00 00 00]
2319 [0x491] 8 [5E 6E 20 90 00 B1 B1 1B]
2322 [0x002] 8 [FF F8 70 07 6E 00 00 00]
2325 [0x351] 8 [00 00 00 00 00 10 27 00]
2329 [0x232] 8 [B8 28 1F 27 48 12 A7 00]
2332 [0x331] 8 [EE FF 00 00 00 00 01 80]
2336 [0x334] 8 [00 00 00 00 00 00 00 00]
2339 [0x232] 8 [BA 28 1F 27 48 12 A7 00]
2343 [0x002] 8 [FF F8 70 0B 72 00 00 00]
2347 [0x391] 8 [00 00 00 00 00 8B 00 00]
2351 [0x291] 8 [00 04 39 26 00 00 07 00]
2354 [0x334] 8 [00 00 00 00 00 00 00 00]
2358 [0x4B1] 8 [02 08 07 00 01 06 00 00]
2361 [0x002] 8 [FF F8 70 0F 76 00 00 00]
2365 [0x351] 8 [00 00 00 00 00 10 25 00]
2368 [0x391] 8 [00 00 00 00 00 8D 00 00]
2372 [0x491] 8 [5E 6E 20 90 00 B1 B1 1B]
2375 [0x334] 8 [00 00 00 00 00 00 00 00]
2379 [0x232] 8 [BA 28 1F 27 48 12 A7 00]
2382 [0x002] 8 [FF F8 70 03 6A 00 00 00]
2386 [0x391] 8 [00 00 00 00 00 8F 00 00]
2390 [0x431] 8 [00 00 00 00 00 42 02 00]
2394 [0x334] 8 [00 00 00 00 00 00 00 00]
2397 [0x4B1] 8 [02 08 0B 00 01 06 00 00]
2401 [0x002] 8 [FF F8 70 07 6E 00 00 00]
2404 [0x351] 8 [00 00 00 00 00 10 2B 00]
2408 [0x391] 8 [00 00 00 00 00 81 00 00]
2411 [0x291] 8 [00 04 3A 26 00 00 0D 00]
2415 [0x334] 8 [00 00 00 00 00 00 00 00]
2418 [0x432] 8 [81 11 FA 00 1E 8F FA 3E]
2422 [0x002] 8 [FF F8 70 0B 72 00 00 00]
2425 [0x351] 8 [00 00 00 00 00 10 21 00]
2429 [0x232] 8 [BA 28 1F 27 48 12 A7 00]
2433 [0x331] 8 [EE FF 00 00 00 00 00 80]
2437 [0x334] 8 [00 00 00 00 00 00 00 00]
2440 [0x002] 8 [FF F8 70 0F 76 00 00 00]
2444 [0x351] 8 [00 00 00 00 00 10 2F 00]
2447 [0x391] 8 [00 00 00 00 00 85 00 00]
2451 [0x291] 8 [00 04 3A 26 00 00 01 00]
2454 [0x334] 8 [00 00 00 00 00 00 00 00]
2457 [0x4B1] 8 [02 08 01 00 01 06 00 00]
2461 [0x002] 8 [FF F8 70 03 6A 00 00 00]
2464 [0x351] 8 [00 00 00 00 00 10 23 00]
2468 [0x391] 8 [00 00 00 00 00 87 00 00]
2471 [0x491] 8 [5E 6E 20 90 00 B1 B1 1B]
2476 [0x334] 8 [00 00 00 00 00 00 00 00]
2479 [0x232] 8 [B9 28 20 27 48 12 A7 00]
2483 [0x002] 8 [FF F8 70 07 6E 00 00 00]
2486 [0x391] 8 [00 00 00 00 00 89 00 00]
2490 [0x002] 8 [FF F8 70 09 70 00 00 00]
2493 [0x334] 8 [00 00 00 00 00 00 00 00]
2497 [0x4B1] 8 [02 08 05 00 01 06 00 00]
2500 [0x002] 8 [FF F8 70 0B 72 00 00 00]
2504 [0x351] 8 [00 00 00 00 00 10 25 00]
2507 [0x391] 8 [00 00 00 00 00 8B 00 00]
2511 [0x291] 8 [00 04 3A 26 00 00 07 00]
2514 [0x334] 8 [00 00 00 00 00 00 00 00]
2519 [0x4B1] 8 [02 08 07 00 01 06 00 00]
2522 [0x002] 8 [FF F8 70 0F 76 00 00 00]
2526 [0x351] 8 [00 00 00 00 00 10 2B 00]
2529 [0x235] 8 [00 09 0E 05 03 28 80 00]
2533 [0x332] 8 [00 00 FF FF 00 00 00 00]
2536 [0x334] 8 [00 00 00 00 00 00 00 00]
2540 [0x002] 8 [FF F8 70 03 6A 00 00 00]
2543 [0x351] 8 [00 00 00 00 00 10 29 00]
2547 [0x391] 8 [00 00 00 00 00 8F 00 00]
2550 [0x291] 8 [00 04 3A 26 00 00 0B 00]
2554 [0x334] 8 [00 00 00 00 00 00 00 00]
2557 [0x4B1] 8 [02 08 0B 00 01 06 00 00]
2562 [0x002] 8 [FF F8 70 07 6E 00 00 00]
2565 [0x391] 8 [00 00 00 00 00 81 00 00]
2569 [0x231] 8 [97 07 1D 1D 1D B8 28 60]
2572 [0x491] 8 [5E 6E 20 90 00 B1 B1 1B]
2576 [0x334] 8 [00 00 00 00 00 00 00 00]
2579 [0x232] 8 [B9 28 21 27 48 12 A7 00]
2583 [0x002] 8 [FF F8 70 0B 72 00 00 00]
2586 [0x391] 8 [00 00 00 00 00 83 00 00]
2589 [0x002] 8 [FF F8 70 0D 74 00 00 00]
2593 [0x334] 8 [00 00 00 00 00 00 00 00]
2596 [0x4B1] 8 [02 08 0F 00 01 06 00 00]
2600 [0x002] 8 [FF F8 70 0F 76 00 00 00]
2604 [0x351] 8 [00 00 00 00 00 10 2D 00]
2608 [0x391] 8 [00 00 00 00 00 85 00 00]
2611 [0x291] 8 [00 04 3A 26 00 00 01 00]
2615 [0x334] 8 [00 00 00 00 00 00 00 00]
2618 [0x231] 8 [A9 07 1D 1D 1D B9 28 60]
2622 [0x002] 8 [FF F8 70 03 6A 00 00 00]
2625 [0x351] 8 [00 00 00 00 00 10 25 00]
2629 [0x235] 8 [00 03 0D 05 03 28 80 00]
2632 [0x332] 8 [00 00 FF FF 00 00 00 00]
2636 [0x334] 8 [00 00 00 00 00 00 00 00]
2639 [0x002] 8 [FF F8 70 07 6E 00 00 00]
2643 [0x351] 8 [00 00 00 00 00 10 23 00]
2647 [0x391] 8 [00 00 00 00 00 89 00 00]
2651 [0x291] 8 [00 04 3A 26 00 00 05 00]
2654 [0x334] 8 [00 00 00 00 00 00 00 00]
2658 [0x4B1] 8 [02 08 05 00 01 06 00 00]
2661 [0x002] 8 [FF F8 70 0B 72 00 00 00]
2665 [0x391] 8 [00 00 00 00 00 8B 00 00]
2668 [0x231] 8 [98 07 1D 1D 1D B9 28 60]
2672 [0x491] 8 [5E 6E 20 90 00 B1 B1 1B]
2675 [0x334] 8 [00 00 00 00 00 00 00 00]
2679 [0x232] 8 [BA 28 1F 27 48 12 A7 00]
2682 [0x002] 8 [FF F8 70 0F 76 00 00 00]
2686 [0x351] 8 [00 00 00 00 00 10 2B 00]
2690 [0x706] 8 [49 00 00 00 00 00 FE 00]
2694 [0x334] 8 [00 00 00 00 00 00 00 00]
2697 [0x4B1] 8 [02 08 09 00 01 06 00 00]
2701 [0x002] 8 [FF F8 70 03 6A 00 00 00]
2704 [0x351] 8 [00 00 00 00 00 10 27 00]
2708 [0x391] 8 [00 00 00 00 00 8F 00 00]
2711 [0x291] 8 [00 04 3A 26 00 00 0B 00]
2715 [0x334] 8 [00 00 00 00 00 00 00 00]
2718 [0x232] 8 [B9 28 1E 27 48 12 A7 00]
2721 [0x002] 8 [FF F8 70 07 6E 00 00 00]
2725 [0x351] 8 [00 00 00 00 00 10 2F 00]
2728 [0x391] 8 [00 00 00 00 00 81 00 00]
2733 [0x333] 8 [00 00 00 00 8F 06 D0 0F]
2736 [0x334] 8 [00 00 00 00 00 00 00 00]
2740 [0x002] 8 [FF F8 70 0B 72 00 00 00]
2743 [0x351] 8 [00 00 00 00 00 10 2D 00]
2747 [0x391] 8 [00 00 00 00 00 83 00 00]
2750 [0x291] 8 [00 04 3A 26 00 00 0F 00]
2754 [0x334] 8 [00 00 00 00 00 00 00 00]
2757 [0x4B1] 8 [02 08 0F 00 01 06 00 00]
2761 [0x002] 8 [FF F8 70 0F 76 00 00 00]
2764 [0x391] 8 [00 00 00 00 00 85 00 00]
2768 [0x231] 8 [A8 07 1D 1D 1D B9 28 60]
2771 [0x491] 8 [5E 6E 20 90 00 B1 B1 1B]
2776 [0x334] 8 [00 00 00 00 00 00 00 00]
2779 [0x002] 8 [FF F8 70 03 6A 00 00 00]
2783 [0x351] 8 [00 00 00 00 00 10 21 00]
2786 [0x351] 8 [00 00 00 00 00 10 25 00]
2790 [0x706] 8 [49 00 00 00 00 00 FE 00]
2793 [0x334] 8 [00 00 00 00 00 00 00 00]
2797 [0x4B1] 8 [02 08 03 00 01 06 00 00]
2800 [0x002] 8 [FF F8 70 07 6E 00 00 00]
2804 [0x352] 8 [00 00 00 00 01 00 00 00]
2807 [0x391] 8 [00 00 00 00 00 89 00 00]
2811 [0x291] 8 [00 04 3A 26 00 00 05 00]
2814 [0x334] 8 [00 00 00 00 00 00 00 00]
2819 [0x232] 8 [B9 28 1E 27 48 12 A7 00]
2822 [0x002] 8 [FF F8 70 0B 72 00 00 00]
2826 [0x351] 8 [00 00 00 00 00 10 29 00]
2829 [0x002] 8 [FF F8 70 0D 74 00 00 00]
2833 [0x334] 8 [00 00 00 00 00 00 00 00]
2836 [0x706] 8 [49 00 00 00 00 00 FE 00]
2840 [0x002] 8 [FF F8 70 0F 76 00 00 00]
2843 [0x351] 8 [00 00 00 00 00 10 27 00]
2846 [0x391] 8 [00 00 00 00 00 8D 00 00]
2850 [0x291] 8 [00 04 3A 26 00 00 09 00]
2853 [0x334] 8 [00 00 00 00 00 00 00 00]
2857 [0x4B1] 8 [02 08 09 00 01 06 00 00]
2861 [0x002] 8 [FF F8 70 03 6A 00 00 00]
2865 [0x391] 8 [00 00 00 00 00 8F 00 00]
2868 [0x232] 8 [B9 28 1F 27 48 12 A7 00]
2872 [0x331] 8 [EE FF 00 00 00 00 01 80]
2875 [0x334] 8 [00 00 00 00 00 00 00 00]
2879 [0x002] 8 [FF F8 70 07 6E 00 00 00]
2882 [0x351] 8 [00 00 00 00 00 10 2B 00]
2886 [0x391] 8 [00 00 00 00 00 81 00 00]
2889 [0x291] 8 [00 04 3A 26 00 00 0D 00]
2893 [0x334] 8 [00 00 00 00 00 00 00 00]
2896 [0x4B1] 8 [02 08 0D 00 01 06 00 00]
2900 [0x002] 8 [FF F8 70 0B 72 00 00 00]
2904 [0x351] 8 [00 00 00 00 00 10 2F 00]
2908 [0x391] 8 [00 00 00 00 00 83 00 00]
2911 [0x291] 8 [00 04 3A 26 00 00 0F 00]
2915 [0x334] 8 [00 00 00 00 00 00 00 00]
2918 [0x451] 8 [55 02 00 87 1D 00 01 00]
2922 [0x002] 8 [FF F8 70 0F 76 00 00 00]
2925 [0x351] 8 [00 00 00 00 00 10 23 00]
2929 [0x002] 8 [FF F8 70 01 68 00 00 00]
2932 [0x334] 8 [00 00 00 00 00 00 00 00]
2936 [0x706] 8 [49 00 00 00 00 00 FE 00]
2939 [0x002] 8 [FF F8 70 03 6A 00 00 00]
2944 [0x351] 8 [00 00 00 00 00 10 21 00]
2947 [0x391] 8 [00 00 00 00 00 87 00 00]
2951 [0x291] 8 [00 04 3A 26 00 00 03 00]
2954 [0x334] 8 [00 00 00 00 00 00 00 00]
2958 [0x4B1] 8 [02 08 03 00 01 06 00 00]
2961 [0x002] 8 [FF F8 70 07 6E 00 00 00]
2965 [0x391] 8 [00 00 00 00 00 89 00 00]
2968 [0x235] 8 [00 05 0D 05 03 28 80 00]
2972 [0x332] 8 [00 00 FF FF 00 00 00 00]
2975 [0x334] 8 [00 00 00 00 00 00 00 00]
2978 [0x002] 8 [FF F8 70 0B 72 00 00 00]
2982 [0x351] 8 [00 00 00 00 00 10 25 00]
2985 [0x351] 8 [00 00 00 00 00 10 29 00]
2990 [0x291] 8 [00 04 3A 26 00 00 07 00]
2993 [0x334] 8 [00 00 00 00 00 00 00 00]
2997 [0x4B1] 8 [02 08 07 00 01 06 00 00]
3000 [0x002] 8 [FF F8 70 0F 76 00 00 00]
3004 [0x352] 8 [00 00 00 00 01 00 00 00]
3007 [0x351] 8 [00 00 00 00 00 10 2B 00]
3011 [0x291] 8 [00 04 3A 26 00 00 09 00]
3014 [0x334] 8 [00 00 00 00 00 00 00 00]
3018 [0x452] 8 [00 00 00 00 00 00 00 00]
3021 [0x002] 8 [FF F8 70 03 6A 00 00 00]
3025 [0x351] 8 [00 00 00 00 00 10 2D 00]
3028 [0x431] 8 [00 00 00 00 00 42 02 00]
3033 [0x334] 8 [00 00 00 00 00 00 00 00]
3036 [0x706] 8 [49 00 00 00 00 00 FE 00]
3040 [0x002] 8 [FF F8 70 07 6E 00 00 00]
3043 [0x352] 8 [00 00 00 00 01 00 00 00]
3047 [0x391] 8 [00 00 00 00 00 81 00 00]
3050 [0x291] 8 [00 04 3A 26 00 00 0D 00]
3054 [0x334] 8 [00 00 00 00 00 00 00 00]
3057 [0x231] 8 [97 07 1D 1D 1D B8 28 60]
3061 [0x002] 8 [FF F8 70 0B 72 00 00 00]
3064 [0x391] 8 [00 00 00 00 00 83 00 00]
3068 [0x235] 8 [00 0F 0D 05 03 28 80 00]
3072 [0x332] 8 [00 00 FF FF 00 00 00 00]
3076 [0x334] 8 [00 00 00 00 00 00 00 00]
3079 [0x002] 8 [FF F8 70 0F 76 00 00 00]
3083 [0x351] 8 [00 00 00 00 00 10 2F 00]
3086 [0x391] 8 [00 00 00 00 00 85 00 00]
3090 [0x291] 8 [00 04 3A 26 00 00 01 00]
3093 [0x334] 8 [00 00 00 00 00 00 00 00]
3097 [0x4B1] 8 [02 08 01 00 01 06 00 00]
3100 [0x002] 8 [FF F8 70 03 6A 00 00 00]
3104 [0x391] 8 [00 00 00 00 00 87 00 00]
3107 [0x231] 8 [A7 07 1D 1D 1D B9 28 60]
3110 [0x291] 8 [00 04 3A 26 00 00 03 00]
3115 [0x334] 8 [00 00 00 00 00 00 00 00]
3118 [0x452] 8 [00 00 00 00 00 00 00 00]
3122 [0x002] 8 [FF F8 70 07 6E 00 00 00]
3125 [0x351] 8 [00 00 00 00 00 10 27 00]
3129 [0x705] 8 [47 49 42 A8 0B 00 9F 07]
3132 [0x334] 8 [00 00 00 00 00 00 00 00]
3136 [0x4B1] 8 [02 08 05 00 01 06 00 00]
3139 [0x002] 8 [FF F8 70 0B 72 00 00 00]
3143 [0x351] 8 [00 00 00 00 00 10 23 00]
3146 [0x391] 8 [00 00 00 00 00 8B 00 00]
3150 [0x291] 8 [00 04 3A 26 00 00 07 00]
3153 [0x334] 8 [00 00 00 00 00 00 00 00]
3158 [0x232] 8 [B9 28 1F 27 48 12 A7 00]
3161 [0x002] 8 [FF F8 70 0F 76 00 00 00]
3165 [0x391] 8 [00 00 00 00 00 8D 00 00]
3168 [0x352] 8 [00 00 00 00 01 00 00 00]
3172 [0x333] 8 [00 00 00 00 8B 06 D0 0F]
3175 [0x334] 8 [00 00 00 00 00 00 00 00]
3179 [0x002] 8 [FF F8 70 03 6A 00 00 00]
3182 [0x351] 8 [00 00 00 00 00 10 29 00]
3186 [0x351] 8 [00 00 00 00 00 10 2D 00]
3189 [0x291] 8 [00 04 3A 26 00 00 0B 00]
3193 [0x334] 8 [00 00 00 00 00 00 00 00]
3196 [0x4B1] 8 [02 08 0B 00 01 06 00 00]
3201 [0x002] 8 [FF F8 70 07 6E 00 00 00]
3204 [0x391] 8 [00 00 00 00 00 81 00 00]
3208 [0x231] 8 [A6 07 1D 1D 1D B9 28 60]
3211 [0x291] 8 [00 04 3A 26 00 00 0D 00]
3215 [0x334] 8 [00 00 00 00 00 00 00 00]
3218 [0x002] 8 [FF F8 70 0B 72 00 00 00]
3222 [0x352] 8 [00 00 00 00 01 00 00 00]
3225 [0x351] 8 [00 00 00 00 00 10 21 00]
3229 [0x705] 8 [47 49 42 AE 0B 00 9E 07]
3232 [0x334] 8 [00 00 00 00 00 00 00 00]
3236 [0x706] 8 [49 00 00 00 00 00 FE 00]
3239 [0x002] 8 [FF F8 70 0F 76 00 00 00]
3243 [0x352] 8 [00 00 00 00 01 00 00 00]
3247 [0x391] 8 [00 00 00 00 00 85 00 00]
3250 [0x291] 8 [00 04 3A 26 00 00 01 00]
3254 [0x334] 8 [00 00 00 00 00 00 00 00]
3257 [0x232] 8 [BA 28 20 27 48 12 A7 00]
3261 [0x002] 8 [FF F8 70 03 6A 00 00 00]
3264 [0x391] 8 [00 00 00 00 00 87 00 00]
3268 [0x352] 8 [00 00 00 00 01 00 00 00]
3271 [0x334] 8 [00 00 00 00 00 00 00 00]
3275 [0x705] 8 [47 4B 42 A1 0B 00 9E 07]
3278 [0x002] 8 [FF F8 70 07 6E 00 00 00]
3282 [0x351] 8 [00 00 00 00 00 10 23 00]
3286 [0x391] 8 [00 00 00 00 00 89 00 00]
3290 [0x291] 8 [00 04 3A 26 00 00 05 00]
3293 [0x334] 8 [00 00 00 00 00 00 00 00]
3297 [0x4B1] 8 [02 08 05 00 01 06 00 00]
3300 [0x002] 8 [FF F8 70 0B 72 00 00 00]
3304 [0x391] 8 [00 00 00 00 00 8B 00 00]
3307 [0x232] 8 [B9 28 1F 27 48 12 A7 00]
3311 [0x331] 8 [EE FF 00 00 00 00 01 80]
3314 [0x334] 8 [00 00 00 00 00 00 00 00]
3318 [0x002] 8 [FF F8 70 0F 76 00 00 00]
3321 [0x351] 8 [00 00 00 00 00 10 27 00]
3325 [0x351] 8 [00 00 00 00 00 10 2B 00]
3329 [0x705] 8 [47 49 42 B5 0B 00 9E 07]
3333 [0x334] 8 [00 00 00 00 00 00 00 00]
3336 [0x4B1] 8 [02 08 09 00 01 06 00 00]
3340 [0x002] 8 [FF F8 70 03 6A 00 00 00]
3343 [0x352] 8 [00 00 00 00 01 00 00 00]
3347 [0x391] 8 [00 00 00 00 00 8F 00 00]
3350 [0x291] 8 [00 04 3A 26 00 00 0B 00]
3354 [0x334] 8 [00 00 00 00 00 00 00 00]
3357 [0x232] 8 [BA 28 20 27 48 12 A7 00]
3361 [0x002] 8 [FF F8 70 07 6E 00 00 00]
3364 [0x391] 8 [00 00 00 00 00 81 00 00]
3368 [0x431] 8 [00 00 00 00 00 42 02 00]
3372 [0x334] 8 [00 00 00 00 00 00 00 00]
3375 [0x4B1] 8 [02 08 0D 00 01 06 00 00]
3379 [0x002] 8 [FF F8 70 0B 72 00 00 00]
3382 [0x351] 8 [00 00 00 00 00 10 2D 00]
3386 [0x351] 8 [00 00 00 00 00 10 21 00]
3389 [0x291] 8 [00 04 3A 26 00 00 0F 00]
3393 [0x334] 8 [00 00 00 00 00 00 00 00]
3396 [0x4B1] 8 [02 08 0F 00 01 06 00 00]
3400 [0x002] 8 [FF F8 70 0F 76 00 00 00]
3403 [0x391] 8 [00 00 00 00 00 85 00 00]
3407 [0x235] 8 [00 01 0E 05 03 28 80 00]
3410 [0x332] 8 [00 00 FF FF 00 00 00 00]
3415 [0x334] 8 [00 00 00 00 00 00 00 00]
3418 [0x452] 8 [00 00 00 00 00 00 00 00]
3422 [0x352] 8 [00 00 00 00 01 00 00 00]
3425 [0x351] 8 [00 00 00 00 00 10 25 00]
3429 [0x291] 8 [00 04 3A 26 00 00 03 00]
3432 [0x334] 8 [00 00 00 00 00 00 00 00]
3436 [0x4B1] 8 [02 08 03 00 01 06 00 00]
3439 [0x002] 8 [FF F8 70 07 6E 00 00 00]
3443 [0x391] 8 [00 00 00 00 00 89 00 00]
3446 [0x351] 8 [00 00 00 00 00 10 27 00]
3450 [0x291] 8 [00 04 3A 26 00 00 05 00]
3453 [0x334] 8 [00 00 00 00 00 00 00 00]
3458 [0x002] 8 [FF F8 70 0B 72 00 00 00]
3461 [0x352] 8 [00 00 00 00 01 00 00 00]
3465 [0x391] 8 [00 00 00 00 00 8B 00 00]
3468 [0x431] 8 [00 00 00 00 00 42 02 00]
3472 [0x334] 8 [00 00 00 00 00 00 00 00]
3475 [0x705] 8 [47 4B 42 C1 0B 00 9E 07]
3479 [0x002] 8 [FF F8 70 0F 76 00 00 00]
3482 [0x351] 8 [00 00 00 00 00 10 29 00]
3486 [0x391] 8 [00 00 00 00 00 8D 00 00]
3489 [0x291] 8 [00 04 3A 26 00 00 09 00]
3493 [0x334] 8 [00 00 00 00 00 00 00 00]
3496 [0x231] 8 [96 07 1D 1D 1D B8 28 60]
3500 [0x002] 8 [FF F8 70 03 6A 00 00 00]
3504 [0x391] 8 [00 00 00 00 00 8F 00 00]
3507 [0x002] 8 [FF F8 70 05 6C 00 00 00]
3511 [0x332] 8 [00 00 FF FF 00 00 00 00]
3514 [0x334] 8 [00 00 00 00 00 00 00 00]
3518 [0x452] 8 [00 00 00 00 00 00 00 00]
3521 [0x351] 8 [00 00 00 00 00 10 2B 00]
3525 [0x351] 8 [00 00 00 00 00 10 2F 00]
3528 [0x291] 8 [00 04 3A 26 00 00 0D 00]
3532 [0x334] 8 [00 00 00 00 00 00 00 00]
3535 [0x706] 8 [49 00 00 00 00 00 FE 00]
3539 [0x002] 8 [FF F8 70 0B 72 00 00 00]
3543 [0x391] 8 [00 00 00 00 00 83 00 00]
3547 [0x351] 8 [00 00 00 00 00 10 21 00]
3550 [0x291] 8 [00 04 3A 26 00 00 0F 00]
3554 [0x334] 8 [00 00 00 00 00 00 00 00]
3557 [0x002] 8 [FF F8 70 0F 76 00 00 00]
3561 [0x352] 8 [00 00 00 00 01 00 00 00]
3564 [0x391] 8 [00 00 00 00 00 85 00 00]
3568 [0x432] 8 [81 11 FA 00 1E 8D FA 3E]
3571 [0x334] 8 [00 00 00 00 00 00 00 00]
3575 [0x4B1] 8 [02 08 01 00 01 06 00 00]
3578 [0x002] 8 [FF F8 70 03 6A 00 00 00]
3582 [0x351] 8 [00 00 00 00 00 10 23 00]
3586 [0x391] 8 [00 00 00 00 00 87 00 00]
3590 [0x291] 8 [00 04 3A 26 00 00 03 00]
3593 [0x334] 8 [00 00 00 00 00 00 00 00]
3597 [0x231] 8 [A9 07 1D 1D 1D B9 28 60]
3600 [0x002] 8 [FF F8 70 07 6E 00 00 00]
3604 [0x391] 8 [00 00 00 00 00 89 00 00]
3607 [0x002] 8 [FF F8 70 09 70 00 00 00]
3611 [0x333] 8 [00 00 00 00 87 06 D0 0F]
3614 [0x334] 8 [00 00 00 00 00 00 00 00]
3618 [0x452] 8 [00 00 00 00 00 00 00 00]
3621 [0x351] 8 [00 00 00 00 00 10 25 00]
3625 [0x351] 8 [00 00 00 00 00 10 29 00]
3629 [0x291] 8 [00 04 3A 26 00 00 07 00]
3632 [0x334] 8 [00 00 00 00 00 00 00 00]
3636 [0x4B1] 8 [02 08 07 00 01 06 00 00]
3639 [0x002] 8 [FF F8 70 0F 76 00 00 00]
3643 [0x351] 8 [00 00 00 00 00 10 2B 00]
3646 [0x231] 8 [97 07 1D 1D 1D B7 28 60]
3650 [0x291] 8 [00 04 3A 26 00 00 09 00]
3653 [0x334] 8 [00 00 00 00 00 00 00 00]
3657 [0x002] 8 [FF F8 70 03 6A 00 00 00]
3660 [0x352] 8 [00 00 00 00 01 00 00 00]
3664 [0x391] 8 [00 00 00 00 00 8F 00 00]
3667 [0x432] 8 [81 11 FA 00 1E 8A FA 3E]
3672 [0x334] 8 [00 00 00 00 00 00 00 00]
3675 [0x705] 8 [47 4B 42 9D 0B 00 9F 07]
3679 [0x002] 8 [FF F8 70 07 6E 00 00 00]
3682 [0x351] 8 [00 00 00 00 00 10 2D 00]
3686 [0x391] 8 [00 00 00 00 00 81 00 00]
3689 [0x291] 8 [00 04 3A 26 00 00 0D 00]
3693 [0x334] 8 [00 00 00 00 00 00 00 00]
3696 [0x232] 8 [BA 28 21 27 48 12 A7 00]
3700 [0x002] 8 [FF F8 70 0B 72 00 00 00]
3703 [0x391] 8 [00 00 00 00 00 83 00 00]
3707 [0x235] 8 [00 0F 0D 05 03 28 80 00]
3710 [0x333] 8 [00 00 00 00 81 06 D0 0F]
3715 [0x334] 8 [00 00 00 00 00 00 00 00]
3718 [0x452] 8 [00 00 00 00 00 00 00 00]
3722 [0x351] 8 [00 00 00 00 00 10 2F 00]
3725 [0x351] 8 [00 00 00 00 00 10 23 00]
3729 [0x291] 8 [00 04 3A 26 00 00 01 00]
3732 [0x334] 8 [00 00 00 00 00 00 00 00]
3736 [0x706] 8 [49 00 00 00 00 00 FE 00]
3739 [0x002] 8 [FF F8 70 03 6A 00 00 00]
3743 [0x391] 8 [00 00 00 00 00 87 00 00]
3746 [0x232] 8 [BA 28 20 27 48 12 A7 00]
3750 [0x331] 8 [EE FF 00 00 00 00 01 80]
3753 [0x334] 8 [00 00 00 00 00 00 00 00]
3758 [0x002] 8 [FF F8 70 07 6E 00 00 00]
3761 [0x352] 8 [00 00 00 00 01 00 00 00]
3764 [0x391] 8 [00 00 00 00 00 89 00 00]
3768 [0x451] 8 [51 02 00 87 1D 00 01 00]
3771 [0x334] 8 [00 00 00 00 00 00 00 00]
3775 [0x4B1] 8 [02 08 05 00 01 06 00 00]
3778 [0x002] 8 [FF F8 70 0B 72 00 00 00]
3782 [0x351] 8 [00 00 00 00 00 10 27 00]
3785 [0x391] 8 [00 00 00 00 00 8B 00 00]
3789 [0x291] 8 [00 04 3A 26 00 00 07 00]
3792 [0x334] 8 [00 00 00 00 00 00 00 00]
3796 [0x002] 8 [FF F8 70 0F 76 00 00 00]
3800 [0x351] 8 [00 00 00 00 00 10 29 00]
3804 [0x391] 8 [00 00 00 00 00 8D 00 00]
3807 [0x352] 8 [00 00 00 00 01 00 00 00]
3811 [0x334] 8 [00 00 00 00 00 00 00 00]
3814 [0x4B1] 8 [02 08 09 00 01 06 00 00]
3818 [0x452] 8 [00 00 00 00 00 00 00 00]
3821 [0x351] 8 [00 00 00 00 00 10 2B 00]
3825 [0x351] 8 [00 00 00 00 00 10 2D 00]
3828 [0x291] 8 [00 04 3A 26 00 00 0B 00]
3832 [0x334] 8 [00 00 00 00 00 00 00 00]
3835 [0x706] 8 [49 00 00 00 00 00 FE 00]
3840 [0x002] 8 [FF F8 70 07 6E 00 00 00]
3843 [0x391] 8 [00 00 00 00 00 81 00 00]
3847 [0x002] 8 [FF F8 70 09 70 00 00 00]
3850 [0x331] 8 [EE FF 00 00 00 00 00 80]
3854 [0x334] 8 [00 00 00 00 00 00 00 00]
3857 [0x002] 8 [FF F8 70 0B 72 00 00 00]
3861 [0x352] 8 [00 00 00 00 01 00 00 00]
3864 [0x391] 8 [00 00 00 00 00 83 00 00]
3868 [0x452] 8 [00 00 00 00 00 00 00 00]
3871 [0x334] 8 [00 00 00 00 00 00 00 00]
3875 [0x4B1] 8 [02 08 0F 00 01 06 00 00]
3878 [0x002] 8 [FF F8 70 0F 76 00 00 00]
3883 [0x351] 8 [00 00 00 00 00 10 21 00]
3886 [0x391] 8 [00 00 00 00 00 85 00 00]
3890 [0x291] 8 [00 04 3A 26 00 00 01 00]
3893 [0x334] 8 [00 00 00 00 00 00 00 00]
3896 [0x002] 8 [FF F8 70 03 6A 00 00 00]
3900 [0x351] 8 [00 00 00 00 00 10 23 00]
3903 [0x391] 8 [00 00 00 00 00 87 00 00]
3907 [0x431] 8 [00 00 00 00 00 42 02 00]
3910 [0x334] 8 [00 00 00 00 00 00 00 00]
3914 [0x491] 8 [5E 6E 20 90 00 B1 B1 1B]
3917 [0x452] 8 [00 00 00 00 00 00 00 00]
3921 [0x351] 8 [00 00 00 00 00 10 25 00]
3924 [0x351] 8 [00 00 00 00 00 10 27 00]
3929 [0x291] 8 [00 04 3A 26 00 00 05 00]
3932 [0x334] 8 [00 00 00 00 00 00 00 00]
3936 [0x231] 8 [A8 07 1D 1D 1D B9 28 60]
3939 [0x002] 8 [FF F8 70 0B 72 00 00 00]
3943 [0x391] 8 [00 00 00 00 00 8B 00 00]
3946 [0x232] 8 [B9 28 1F 27 48 12 A7 00]
3950 [0x332] 8 [00 00 FF FF 00 00 00 00]
3953 [0x334] 8 [00 00 00 00 00 00 00 00]
3957 [0x002] 8 [FF F8 70 0F 76 00 00 00]
3960 [0x352] 8 [00 00 00 00 01 00 00 00]
3964 [0x351] 8 [00 00 00 00 00 10 2B 00]
3968 [0x452] 8 [00 00 00 00 00 00 00 00]
3972 [0x334] 8 [00 00 00 00 00 00 00 00]
3975 [0x4B1] 8 [02 08 09 00 01 06 00 00]
3979 [0x002] 8 [FF F8 70 03 6A 00 00 00]
3982 [0x351] 8 [00 00 00 00 00 10 2D 00]
3986 [0x352] 8 [00 00 00 00 01 00 00 00]
3989 [0x291] 8 [00 04 3A 26 00 00 0B 00]
3993 [0x334] 8 [00 00 00 00 00 00 00 00]
3996 [0x002] 8 [FF F8 70 07 6E 00 00 00]
4000 [0x352] 8 [00 00 00 00 01 00 00 00]
4003 [0x391] 8 [00 00 00 00 00 81 00 00]
4007 [0x431] 8 [00 00 00 00 00 42 02 00]
4011 [0x334] 8 [00 00 00 00 00 00 00 00]
4015 [0x4B1] 8 [02 08 0D 00 01 06 00 00]
4018 [0x452] 8 [00 00 00 00 00 00 00 00]
4021 [0x351] 8 [00 00 00 00 00 10 2F 00]
4025 [0x351] 8 [00 00 00 00 00 10 21 00]
4028 [0x291] 8 [00 04 3A 26 00 00 0F 00]
4032 [0x334] 8 [00 00 00 00 00 00 00 00]
4035 [0x231] 8 [A7 07 1D 1D 1D B8 28 60]
4039 [0x002] 8 [FF F8 70 0F 76 00 00 00]
4042 [0x391] 8 [00 00 00 00 00 85 00 00]
4046 [0x235] 8 [00 01 0D 05 03 28 80 00]
4049 [0x333] 8 [00 00 00 00 83 06 D0 0F]
4054 [0x334] 8 [00 00 00 00 00 00 00 00]
4057 [0x002] 8 [FF F8 70 03 6A 00 00 00]
4061 [0x352] 8 [00 00 00 00 01 00 00 00]
4064 [0x391] 8 [00 00 00 00 00 87 00 00]
4068 [0x291] 8 [00 04 3A 26 00 00 03 00]
4071 [0x334] 8 [00 00 00 00 00 00 00 00]
4075 [0x705] 8 [47 4B 42 8F 0B 00 9F 07]
4078 [0x002] 8 [FF F8 70 07 6E 00 00 00]
4082 [0x391] 8 [00 00 00 00 00 89 00 00]
4085 [0x352] 8 [00 00 00 00 01 00 00 00]
4089 [0x291] 8 [00 04 3A 26 00 00 05 00]
4092 [0x334] 8 [00 00 00 00 00 00 00 00]
4097 [0x002] 8 [FF F8 70 0B 72 00 00 00]
4100 [0x351] 8 [00 00 00 00 00 10 25 00]
4104 [0x351] 8 [00 00 00 00 00 10 29 00]
4107 [0x431] 8 [00 00 00 00 00 42 02 00]
4111 [0x334] 8 [00 00 00 00 00 00 00 00]
4114 [0x4B1] 8 [02 08 07 00 01 06 00 00]
4118 [0x452] 8 [00 00 00 00 00 00 00 00]
4121 [0x352] 8 [00 00 00 00 01 00 00 00]
4125 [0x351] 8 [00 00 00 00 00 10 2B 00]
4128 [0x291] 8 [00 04 3A 26 00 00 09 00]
4132 [0x334] 8 [00 00 00 00 00 00 00 00]
4135 [0x232] 8 [B9 28 20 27 48 12 A7 00]
4140 [0x002] 8 [FF F8 70 03 6A 00 00 00]
4143 [0x391] 8 [00 00 00 00 00 8F 00 00]
4147 [0x235] 8 [00 0B 0D 05 03 28 80 00]
4150 [0x333] 8 [00 00 00 00 8D 06 D0 0F]
4153 [0x334] 8 [00 00 00 00 00 00 00 00]
4157 [0x232] 8 [BA 28 1F 27 48 12 A7 00]
4160 [0x352] 8 [00 00 00 00 01 00 00 00]
4164 [0x391] 8 [00 00 00 00 00 81 00 00]
4167 [0x291] 8 [00 04 3A 26 00 00 0D 00]
4171 [0x334] 8 [00 00 00 00 00 00 00 00]
4174 [0x705] 8 [47 49 42 8B 0B 00 9E 07]
4178 [0x232] 8 [B9 28 1F 27 48 12 A7 00]
4182 [0x351] 8 [00 00 00 00 00 10 21 00]
4186 [0x231] 8 [A6 07 1D 1D 1D B9 28 60]
4189 [0x331] 8 [EE FF 00 00 00 00 01 80]
4193 [0x334] 8 [00 00 00 00 00 00 00 00]
4196 [0x232] 8 [B9 28 1F 27 48 12 A7 00]
4200 [0x351] 8 [00 00 00 00 00 10 2F 00]
4203 [0x391] 8 [00 00 00 00 00 85 00 00]
4207 [0x431] 8 [00 00 00 00 00 42 02 00]
4210 [0x334] 8 [00 00 00 00 00 00 00 00]
4214 [0x4B1] 8 [02 08 01 00 01 06 00 00]
4217 [0x452] 8 [00 00 00 00 00 00 00 00]
4221 [0x351] 8 [00 00 00 00 00 10 23 00]
4225 [0x351] 8 [00 00 00 00 00 10 25 00]
4229 [0x291] 8 [00 04 3A 26 00 00 03 00]
4232 [0x334] 8 [00 00 00 00 00 00 00 00]
4236 [0x232] 8 [BA 28 20 27 48 12 A7 00]
4239 [0x352] 8 [00 00 00 00 01 00 00 00]
4243 [0x391] 8 [00 00 00 00 00 89 00 00]
4246 [0x352] 8 [00 00 00 00 01 00 00 00]
4250 [0x334] 8 [00 00 00 00 00 00 00 00]
4253 [0x4B1] 8 [02 08 05 00 01 06 00 00]
4257 [0x232] 8 [B9 28 20 27 48 12 A7 00]
4260 [0x351] 8 [00 00 00 00 00 10 27 00]
4264 [0x391] 8 [00 00 00 00 00 8B 00 00]
4268 [0x291] 8 [00 04 3A 26 00 00 07 00]
4272 [0x334] 8 [00 00 00 00 00 00 00 00]
4275 [0x705] 8 [47 4B 42 9A 0B 00 9D 07]
4279 [0x232] 8 [BA 28 1F 27 48 12 A7 00]
4282 [0x351] 8 [00 00 00 00 00 10 2B 00]
4285 [0x231] 8 [97 07 1D 1D 1D B8 28 60]
4289 [0x331] 8 [EE FF 00 00 00 00 01 80]
4292 [0x334] 8 [00 00 00 00 00 00 00 00]
4296 [0x232] 8 [B9 28 20 27 48 12 A7 00]
4299 [0x351] 8 [00 00 00 00 00 10 29 00]
4303 [0x391] 8 [00 00 00 00 00 8F 00 00]
4306 [0x431] 8 [00 00 00 00 00 42 02 00]
4311 [0x334] 8 [00 00 00 00 00 00 00 00]
4314 [0x491] 8 [5E 6E 20 90 00 B1 B1 1B]
4318 [0x452] 8 [00 00 00 00 00 00 00 00]
4321 [0x351] 8 [00 00 00 00 00 10 2D 00]
4325 [0x351] 8 [00 00 00 00 00 10 2F 00]
4328 [0x291] 8 [00 04 3A 26 00 00 0D 00]
4332 [0x334] 8 [00 00 00 00 00 00 00 00]
4335 [0x232] 8 [BA 28 1F 27 48 12 A7 00]
4339 [0x352] 8 [00 00 00 00 01 00 00 00]
4342 [0x391] 8 [00 00 00 00 00 83 00 00]
4346 [0x431] 8 [00 00 00 00 00 42 02 00]
4349 [0x334] 8 [00 00 00 00 00 00 00 00]
4354 [0x4B1] 8 [02 08 0F 00 01 06 00 00]
4357 [0x232] 8 [B9 28 20 27 48 12 A7 00]
4361 [0x351] 8 [00 00 00 00 00 10 21 00]
4364 [0x391] 8 [00 00 00 00 00 85 00 00]
4368 [0x291] 8 [00 04 3A 26 00 00 01 00]
4371 [0x334] 8 [00 00 00 00 00 00 00 00]
4375 [0x705] 8 [47 49 42 A6 0B 00 9D 07]
4378 [0x232] 8 [BA 28 20 27 48 12 A7 00]
4382 [0x351] 8 [00 00 00 00 00 10 25 00]
4385 [0x232] 8 [B9 28 21 27 48 12 A7 00]
4389 [0x332] 8 [00 00 FF FF 00 00 00 00]
4392 [0x334] 8 [00 00 00 00 00 00 00 00]
4397 [0x232] 8 [BA 28 21 27 48 12 A7 00]
4400 [0x351] 8 [00 00 00 00 00 10 23 00]
4404 [0x391] 8 [00 00 00 00 00 89 00 00]
4407 [0x431] 8 [00 00 00 00 00 42 02 00]
4411 [0x334] 8 [00 00 00 00 00 00 00 00]
4414 [0x491] 8 [5E 6E 20 90 00 B1 B1 1B]
4417 [0x452] 8 [00 00 00 00 00 00 00 00]
4421 [0x351] 8 [00 00 00 00 00 10 27 00]
4424 [0x351] 8 [00 00 00 00 00 10 29 00]
4428 [0x291] 8 [00 04 3A 26 00 00 07 00]
4431 [0x334] 8 [00 00 00 00 00 00 00 00]
4435 [0x232] 8 [B9 28 21 27 48 12 A7 00]
4439 [0x352] 8 [00 00 00 00 01 00 00 00]
4443 [0x391] 8 [00 00 00 00 00 8D 00 00]
4446 [0x431] 8 [00 00 00 00 00 42 02 00]
4450 [0x334] 8 [00 00 00 00 00 00 00 00]
4453 [0x4B1] 8 [02 08 09 00 01 06 00 00]
4457 [0x232] 8 [BA 28 22 27 48 12 A7 00]
4460 [0x351] 8 [00 00 00 00 00 10 2B 00]
4464 [0x391] 8 [00 00 00 00 00 8F 00 00]
4467 [0x291] 8 [00 04 3A 26 00 00 0B 00]
4471 [0x334] 8 [00 00 00 00 00 00 00 00]
4474 [0x231] 8 [97 07 1D 1D 1D B8 28 60]
4478 [0x232] 8 [B9 28 22 27 48 12 A7 00]
4482 [0x391] 8 [00 00 00 00 00 81 00 00]
4486 [0x235] 8 [00 0D 0D 05 03 28 80 00]
4489 [0x333] 8 [00 00 00 00 8F 06 D0 0F]
4493 [0x334] 8 [00 00 00 00 00 00 00 00]
4496 [0x232] 8 [BA 28 22 27 48 12 A7 00]
4500 [0x351] 8 [00 00 00 00 00 10 2D 00]
4503 [0x391] 8 [00 00 00 00 00 83 00 00]
4507 [0x431] 8 [00 00 00 00 00 42 02 00]
4510 [0x334] 8 [00 00 00 00 00 00 00 00]
4514 [0x491] 8 [5E 6E 20 90 00 B1 B1 1B]
4517 [0x452] 8 [00 00 00 00 00 00 00 00]
4521 [0x351] 8 [00 00 00 00 00 10 23 00]
4525 [0x002] 8 [FF F8 70 01 68 00 00 00]
4529 [0x291] 8 [00 04 3A 26 00 00 01 00]
4532 [0x334] 8 [00 00 00 00 00 00 00 00]
4536 [0x232] 8 [B9 28 21 27 48 12 A7 00]
4539 [0x351] 8 [00 00 00 00 00 10 21 00]
4543 [0x391] 8 [00 00 00 00 00 87 00 00]
4546 [0x431] 8 [00 00 00 00 00 42 02 00]
4549 [0x334] 8 [00 00 00 00 00 00 00 00]
4553 [0x4B1] 8 [02 08 03 00 01 06 00 00]
4556 [0x232] 8 [BA 28 20 27 48 12 A7 00]
4560 [0x351] 8 [00 00 00 00 00 10 25 00]
4563 [0x391] 8 [00 00 00 00 00 89 00 00]
4568 [0x291] 8 [00 04 3A 26 00 00 05 00]
4571 [0x334] 8 [00 00 00 00 00 00 00 00]
4575 [0x231] 8 [92 07 1D 1D 1D B8 28 60]
4578 [0x232] 8 [B9 28 21 27 48 12 A7 00]
4582 [0x351] 8 [00 00 00 00 00 10 29 00]
4585 [0x235] 8 [00 07 0D 05 03 28 80 00]
4589 [0x333] 8 [00 00 00 00 89 06 D0 0F]
4592 [0x334] 8 [00 00 00 00 00 00 00 00]
4596 [0x232] 8 [B9 28 21 27 48 12 A7 00]
4599 [0x351] 8 [00 00 00 00 00 10 27 00]
4603 [0x351] 8 [00 00 00 00 00 10 2B 00]
4606 [0x291] 8 [00 04 3A 26 00 00 09 00]
4611 [0x334] 8 [00 00 00 00 00 00 00 00]
4614 [0x491] 8 [5E 6E 20 90 00 B1 B1 1B]
4618 [0x452] 8 [00 00 00 00 00 00 00 00]
4621 [0x351] 8 [00 00 00 00 00 10 2D 00]
4625 [0x231] 8 [93 07 1D 1D 1D B8 28 60]
4628 [0x291] 8 [00 04 3A 26 00 00 0B 00]
4632 [0x334] 8 [00 00 00 00 00 00 00 00]
4635 [0x232] 8 [BB 28 21 27 48 12 A7 00]
4639 [0x002] 8 [FF F8 70 01 68 00 00 00]
4642 [0x391] 8 [00 00 00 00 00 81 00 00]
4646 [0x431] 8 [00 00 00 00 00 42 02 00]
4649 [0x334] 8 [00 00 00 00 00 00 00 00]
4654 [0x4B1] 8 [02 08 0D 00 01 06 00 00]
4657 [0x232] 8 [B9 28 21 27 48 12 A7 00]
4661 [0x351] 8 [00 00 00 00 00 10 2F 00]
4664 [0x391] 8 [00 00 00 00 00 83 00 00]
4668 [0x291] 8 [00 04 3A 26 00 00 0F 00]
4671 [0x334] 8 [00 00 00 00 00 00 00 00]
4674 [0x232] 8 [BA 28 21 27 48 12 A7 00]
4678 [0x002] 8 [FF F8 70 0D 74 00 00 00]
4681 [0x391] 8 [00 00 00 00 00 85 00 00]
4685 [0x352] 8 [00 00 00 00 01 00 00 00]
4688 [0x334] 8 [00 00 00 00 00 00 00 00]
4692 [0x4B1] 8 [02 08 01 00 01 06 00 00]
4696 [0x232] 8 [B9 28 21 27 48 12 A7 00]
4700 [0x002] 8 [FF F8 70 01 68 00 00 00]
4703 [0x351] 8 [00 00 00 00 00 10 25 00]
4707 [0x291] 8 [00 04 3A 26 00 00 03 00]
4710 [0x334] 8 [00 00 00 00 00 00 00 00]
4714 [0x432] 8 [81 11 FA 00 1E 8F FA 3E]
4717 [0x452] 8 [00 00 00 00 00 00 00 00]
4721 [0x351] 8 [00 00 00 00 00 10 27 00]
4724 [0x232] 8 [B9 28 22 27 48 12 A7 00]
4728 [0x331] 8 [EE FF 00 00 00 00 01 80]
4731 [0x334] 8 [00 00 00 00 00 00 00 00]
4736 [0x232] 8 [BA 28 22 27 48 12 A7 00]
4739 [0x002] 8 [FF F8 70 05 6C 00 00 00]
4743 [0x391] 8 [00 00 00 00 00 8B 00 00]
4746 [0x431] 8 [00 00 00 00 00 42 02 00]
4750 [0x334] 8 [00 00 00 00 00 00 00 00]
4753 [0x4B1] 8 [02 08 07 00 01 06 00 00]
4757 [0x232] 8 [B9 28 21 27 48 12 A7 00]
4760 [0x002] 8 [FF F8 70 0D 74 00 00 00]
4764 [0x391] 8 [00 00 00 00 00 8D 00 00]
4767 [0x291] 8 [00 04 3A 26 00 00 09 00]
4771 [0x334] 8 [00 00 00 00 00 00 00 00]
4774 [0x232] 8 [BA 28 21 27 48 12 A7 00]
4779 [0x002] 8 [FF F8 70 01 68 00 00 00]
4782 [0x351] 8 [00 00 00 00 00 10 2D 00]
4786 [0x391] 8 [00 00 00 00 00 8F 00 00]
4789 [0x334] 8 [00 00 00 00 00 00 00 00]
4793 [0x4B1] 8 [02 08 0B 00 01 06 00 00]
4796 [0x232] 8 [BA 28 21 27 48 12 A7 00]
4800 [0x002] 8 [FF F8 70 05 6C 00 00 00]
4803 [0x391] 8 [00 00 00 00 00 81 00 00]
4806 [0x291] 8 [00 04 3A 26 00 00 0D 00]
4810 [0x334] 8 [00 00 00 00 00 00 00 00]
4813 [0x432] 8 [81 11 FA 00 1E 8D FA 3E]
4817 [0x452] 8 [00 00 00 00 00 00 00 00]
4820 [0x351] 8 [00 00 00 00 00 10 21 00]
4825 [0x235] 8 [00 0F 0D 05 03 28 80 00]
4828 [0x332] 8 [00 00 FF FF 00 00 00 00]
4832 [0x334] 8 [00 00 00 00 00 00 00 00]
4835 [0x232] 8 [BA 28 21 27 48 12 A7 00]
4839 [0x002] 8 [FF F8 70 09 70 00 00 00]
4842 [0x391] 8 [00 00 00 00 00 85 00 00]
4846 [0x431] 8 [00 00 00 00 00 42 02 00]
4849 [0x334] 8 [00 00 00 00 00 00 00 00]
4853 [0x4B1] 8 [02 08 01 00 01 06 00 00]
4856 [0x232] 8 [BC 28 22 27 48 12 A7 00]
4860 [0x002] 8 [FF F8 70 01 68 00 00 00]
4864 [0x391] 8 [00 00 00 00 00 87 00 00]
4868 [0x291] 8 [00 04 3A 26 00 00 03 00]
4871 [0x334] 8 [00 00 00 00 00 00 00 00]
4875 [0x232] 8 [BB 28 22 27 48 12 A7 00]
4878 [0x002] 8 [FF F8 70 05 6C 00 00 00]
4882 [0x391] 8 [00 00 00 00 00 89 00 00]
4885 [0x431] 8 [00 00 00 00 00 42 02 00]
4889 [0x334] 8 [00 00 00 00 00 00 00 00]
4892 [0x4B1] 8 [02 08 05 00 01 06 00 00]
4896 [0x232] 8 [BC 28 22 27 48 12 A7 00]
4899 [0x002] 8 [FF F8 70 09 70 00 00 00]
4903 [0x391] 8 [00 00 00 00 00 8B 00 00]
4907 [0x291] 8 [00 04 3A 26 00 00 07 00]
4911 [0x334] 8 [00 00 00 00 00 00 00 00]
4914 [0x002] 8 [FF F8 70 0F 76 00 00 00]
4918 [0x452] 8 [00 00 00 00 00 00 00 00]
4921 [0x351] 8 [00 00 00 00 00 10 2B 00]
4925 [0x235] 8 [00 09 0D 05 03 28 80 00]
4928 [0x332] 8 [00 00 FF FF 00 00 00 00]
4932 [0x334] 8 [00 00 00 00 00 00 00 00]
4935 [0x232] 8 [BB 28 21 27 48 12 A7 00]
4938 [0x002] 8 [FF F8 70 0D 74 00 00 00]
4942 [0x391] 8 [00 00 00 00 00 8F 00 00]
4945 [0x431] 8 [00 00 00 00 00 42 02 00]
4950 [0x334] 8 [00 00 00 00 00 00 00 00]
4953 [0x4B1] 8 [02 08 0B 00 01 06 00 00]
4957 [0x232] 8 [BC 28 21 27 48 12 A7 00]
4960 [0x391] 8 [00 00 00 00 00 81 00 00]
4964 [0x231] 8 [83 07 1D 1D 1D B9 28 60]
4967 [0x291] 8 [00 04 3A 26 00 00 0D 00]
4971 [0x334] 8 [00 00 00 00 00 00 00 00]
4974 [0x232] 8 [BA 28 21 27 48 12 A7 00]
4978 [0x002] 8 [FF F8 70 05 6C 00 00 00]
4981 [0x351] 8 [00 00 00 00 00 10 21 00]
4985 [0x431] 8 [00 00 00 00 00 42 02 00]
4988 [0x334] 8 [00 00 00 00 00 00 00 00]
4993 [0x4B1] 8 [02 08 0F 00 01 06 00 00]
4996 [0x232] 8 [BA 28 21 27 48 12 A7 00]
5000 [0x002] 8 [FF F8 70 0D 74 00 00 00]
5003 [0x002] 8 [FF F8 70 01 68 00 00 00]
5007 [0x291] 8 [00 04 3A 26 00 00 01 00]
5010 [0x334] 8 [00 00 00 00 00 00 00 00]
5014 [0x231] 8 [94 07 1D 1D 1D BB 28 60]
5017 [0x452] 8 [00 00 00 00 00 00 00 00]
5021 [0x002] 8 [FF F8 70 05 6C 00 00 00]
5024 [0x352] 8 [00 00 00 00 01 00 00 00]
5028 [0x333] 8 [00 00 00 00 85 06 D0 0F]
5031 [0x334] 8 [00 00 00 00 00 00 00 00]
5036 [0x232] 8 [BA 28 22 27 48 12 A7 00]
5039 [0x351] 8 [00 00 00 00 00 10 23 00]
5043 [0x391] 8 [00 00 00 00 00 89 00 00]
5046 [0x431] 8 [00 00 00 00 00 42 02 00]
5050 [0x334] 8 [00 00 00 00 00 00 00 00]
5053 [0x4B1] 8 [02 08 05 00 01 06 00 00]
5057 [0x232] 8 [BC 28 22 27 48 12 A7 00]
5060 [0x002] 8 [FF F8 70 0D 74 00 00 00]
5064 [0x231] 8 [77 07 1D 1D 1D B9 28 60]
5067 [0x291] 8 [00 04 3A 26 00 00 07 00]
5070 [0x334] 8 [00 00 00 00 00 00 00 00]
5074 [0x232] 8 [BD 28 24 27 48 12 A7 00]
5078 [0x002] 8 [FF F8 70 09 70 00 00 00]
5082 [0x002] 8 [FF F8 70 01 68 00 00 00]
5085 [0x706] 8 [49 00 00 00 00 00 FE 00]
5089 [0x334] 8 [00 00 00 00 00 00 00 00]
5092 [0x4B1] 8 [02 08 09 00 01 06 00 00]
5096 [0x232] 8 [BC 28 24 27 48 12 A7 00]
5099 [0x351] 8 [00 00 00 00 00 10 2B 00]
5103 [0x002] 8 [FF F8 70 05 6C 00 00 00]
5106 [0x291] 8 [00 04 3A 26 00 00 0B 00]
5110 [0x334] 8 [00 00 00 00 00 00 00 00]
5113 [0x232] 8 [BC 28 26 27 48 12 A7 00]
5117 [0x452] 8 [00 00 00 00 00 00 00 00]
5121 [0x002] 8 [FF F8 70 09 70 00 00 00]
5125 [0x391] 8 [00 00 00 00 00 81 00 00]
5128 [0x334] 8 [00 00 00 00 00 00 00 00]
5132 [0x4B1] 8 [02 08 0D 00 01 06 00 00]
5135 [0x232] 8 [BE 28 26 27 48 12 A7 00]
5139 [0x351] 8 [00 00 00 00 00 10 2D 00]
5142 [0x002] 8 [FF F8 70 0D 74 00 00 00]
5146 [0x291] 8 [00 04 3A 26 00 00 0F 00]
5149 [0x334] 8 [00 00 00 00 00 00 00 00]
5153 [0x002] 8 [FF F8 70 0F 76 00 00 00]
5156 [0x232] 8 [BC 28 27 27 48 12 A7 00]
5160 [0x002] 8 [FF F8 70 01 68 00 00 00]
5164 [0x232] 8 [BD 28 27 27 48 12 A7 00]
5168 [0x331] 8 [EE FF 00 00 00 00 01 80]
5171 [0x334] 8 [00 00 00 00 00 00 00 00]
5175 [0x232] 8 [BD 28 27 27 48 12 A7 00]
5178 [0x351] 8 [00 00 00 00 00 10 21 00]
5182 [0x002] 8 [FF F8 70 05 6C 00 00 00]
5185 [0x706] 8 [49 00 00 00 00 00 FE 00]
5189 [0x334] 8 [00 00 00 00 00 00 00 00]
5192 [0x4B1] 8 [02 08 03 00 01 06 00 00]
5196 [0x232] 8 [BD 28 27 27 48 12 A7 00]
5199 [0x351] 8 [00 00 00 00 00 10 25 00]
5202 [0x002] 8 [FF F8 70 09 70 00 00 00]
5207 [0x291] 8 [00 04 3A 26 00 00 05 00]
5210 [0x334] 8 [00 00 00 00 00 00 00 00]
5214 [0x451] 8 [5E 02 00 87 1E 00 01 00]
5217 [0x452] 8 [00 00 00 00 00 00 00 00]
5221 [0x002] 8 [FF F8 70 0D 74 00 00 00]
5224 [0x431] 8 [00 00 00 00 00 42 02 00]
5228 [0x334] 8 [00 00 00 00 00 00 00 00]
5231 [0x4B1] 8 [02 08 07 00 01 06 00 00]
5235 [0x232] 8 [BD 28 27 27 48 12 A7 00]
5238 [0x351] 8 [00 00 00 00 00 10 27 00]
5242 [0x002] 8 [FF F8 70 01 68 00 00 00]
5245 [0x291] 8 [00 04 3A 26 00 00 09 00]
5250 [0x334] 8 [00 00 00 00 00 00 00 00]
5253 [0x002] 8 [FF F8 70 03 6A 00 00 00]
5257 [0x232] 8 [BC 28 27 27 48 12 A7 00]
5260 [0x002] 8 [FF F8 70 05 6C 00 00 00]
5264 [0x235] 8 [00 0B 0E 05 03 28 80 00]
5267 [0x332] 8 [00 00 FF FF 00 00 00 00]
5271 [0x334] 8 [00 00 00 00 00 00 00 00]
5274 [0x232] 8 [BB 28 27 27 48 12 A7 00]
5278 [0x351] 8 [00 00 00 00 00 10 2B 00]
5281 [0x002] 8 [FF F8 70 09 70 00 00 00]
5285 [0x706] 8 [49 00 00 00 00 00 FE 00]
5288 [0x334] 8 [00 00 00 00 00 00 00 00]
5293 [0x4B1] 8 [02 08 0D 00 01 06 00 00]
5296 [0x232] 8 [BD 28 27 27 48 12 A7 00]
5300 [0x002] 8 [FF F8 70 0D 74 00 00 00]
5303 [0x351] 8 [00 00 00 00 00 10 21 00]
5307 [0x291] 8 [00 04 3A 26 00 00 0F 00]
5310 [0x334] 8 [00 00 00 00 00 00 00 00]
5314 [0x451] 8 [62 02 00 87 1E 00 01 00]
5317 [0x452] 8 [00 00 00 00 00 00 00 00]
5321 [0x002] 8 [FF F8 70 01 68 00 00 00]
5324 [0x431] 8 [00 00 00 00 00 42 02 00]
5327 [0x334] 8 [00 00 00 00 00 00 00 00]
5331 [0x4B1] 8 [02 08 01 00 01 06 00 00]
5335 [0x232] 8 [BD 28 27 27 48 12 A7 00]
5339 [0x351] 8 [00 00 00 00 00 10 2F 00]
5342 [0x002] 8 [FF F8 70 05 6C 00 00 00]
5346 [0x291] 8 [00 04 3A 26 00 00 03 00]
5349 [0x334] 8 [00 00 00 00 00 00 00 00]
5353 [0x231] 8 [8D 07 1D 1D 1D BC 28 60]
5356 [0x232] 8 [BD 28 27 27 48 12 A7 00]
5360 [0x002] 8 [FF F8 70 09 70 00 00 00]
5363 [0x235] 8 [00 05 0E 05 03 28 80 00]
5367 [0x332] 8 [00 00 FF FF 00 00 00 00]
5370 [0x334] 8 [00 00 00 00 00 00 00 00]
5374 [0x232] 8 [BB 28 27 27 48 12 A7 00]
5378 [0x351] 8 [00 00 00 00 00 10 25 00]
5382 [0x002] 8 [FF F8 70 0D 74 00 00 00]
5385 [0x706] 8 [49 00 00 00 00 00 FE 00]
5389 [0x334] 8 [00 00 00 00 00 00 00 00]
5392 [0x4B1] 8 [02 08 07 00 01 06 00 00]
5396 [0x232] 8 [BD 28 27 27 48 12 A7 00]
5399 [0x002] 8 [FF F8 70 01 68 00 00 00]
5403 [0x351] 8 [00 00 00 00 00 10 2B 00]
5406 [0x291] 8 [00 04 3A 26 00 00 09 00]
5410 [0x334] 8 [00 00 00 00 00 00 00 00]
5413 [0x452] 8 [00 00 00 00 00 00 00 00]
5417 [0x351] 8 [00 00 00 00 00 10 29 00]
5421 [0x002] 8 [FF F8 70 05 6C 00 00 00]
5425 [0x705] 8 [47 4B 42 F6 0B 00 86 07]
5428 [0x334] 8 [00 00 00 00 00 00 00 00]
5432 [0x4B1] 8 [02 08 0B 00 01 06 00 00]
5435 [0x232] 8 [D1 28 27 27 48 12 A7 00]
5439 [0x351] 8 [00 00 00 00 00 10 2D 00]
5442 [0x002] 8 [FF F8 70 09 70 00 00 00]
5446 [0x291] 8 [00 04 3A 26 00 00 0D 00]
5449 [0x334] 8 [00 00 00 00 00 00 00 00]
5453 [0x231] 8 [92 07 1E 1E 1E D1 28 60]
5456 [0x232] 8 [D2 28 27 27 48 12 A7 00]
5459 [0x002] 8 [FF F8 70 0D 74 00 00 00]
5464 [0x352] 8 [00 00 00 00 01 00 00 00]
5467 [0x333] 8 [00 00 00 00 81 06 D0 0F]
5471 [0x334] 8 [00 00 00 00 00 00 00 00]
5474 [0x232] 8 [D2 28 27 27 48 12 A7 00]
5478 [0x391] 8 [00 00 00 00 00 81 00 00]
5481 [0x002] 8 [FF F8 70 01 68 00 00 00]
5485 [0x706] 8 [49 00 00 00 00 00 FE 00]
5488 [0x334] 8 [00 00 00 00 00 00 00 00]
5492 [0x002] 8 [FF F8 70 03 6A 00 00 00]
5495 [0x232] 8 [DF 28 27 27 48 12 A7 00]
5499 [0x002] 8 [FF F8 70 05 6C 00 00 00]
5502 [0x231] 8 [82 07 1E 1E 1E DF 28 60]
5507 [0x291] 8 [00 04 3A 26 00 00 03 00]
5510 [0x334] 8 [00 00 00 00 00 00 00 00]
5514 [0x452] 8 [00 00 00 00 00 00 00 00]
5517 [0x351] 8 [00 00 00 00 00 10 23 00]
5521 [0x002] 8 [FF F8 70 09 70 00 00 00]
5524 [0x705] 8 [47 4B 42 EF 0B 00 89 07]
5528 [0x334] 8 [00 00 00 00 00 00 00 00]
5531 [0x4B1] 8 [02 08 05 00 01 06 00 00]
5535 [0x232] 8 [DE 28 28 27 48 13 A7 00]
5538 [0x351] 8 [00 00 00 00 00 10 27 00]
5542 [0x002] 8 [FF F8 70 0D 74 00 00 00]
5545 [0x291] 8 [00 04 3A 26 00 00 07 00]
5550 [0x334] 8 [00 00 00 00 00 00 00 00]
5553 [0x232] 8 [DE 28 28 27 48 13 A7 00]
5557 [0x391] 8 [00 00 00 00 00 8B 00 00]
5560 [0x002] 8 [FF F8 70 01 68 00 00 00]
5564 [0x391] 8 [00 00 00 00 00 8D 00 00]
5567 [0x334] 8 [00 00 00 00 00 00 00 00]
5571 [0x4B1] 8 [02 08 09 00 01 06 00 00]
5574 [0x232] 8 [E0 28 29 27 48 13 A7 00]
5578 [0x351] 8 [00 00 00 00 00 10 2B 00]
5581 [0x002] 8 [FF F8 70 05 6C 00 00 00]
5585 [0x706] 8 [49 00 00 00 00 00 FE 00]
5588 [0x334] 8 [00 00 00 00 00 00 00 00]
5592 [0x002] 8 [FF F8 70 07 6E 00 00 00]
5596 [0x232] 8 [DF 28 2B 27 48 13 A7 00]
5599 [0x002] 8 [FF F8 70 09 70 00 00 00]
5603 [0x231] 8 [91 07 1E 1E 1E DF 28 60]
5606 [0x331] 8 [EE FF 00 00 00 00 01 80]
5610 [0x334] 8 [00 00 00 00 00 00 00 00]
5613 [0x452] 8 [00 00 00 00 00 00 00 00]
5617 [0x351] 8 [00 00 00 00 00 10 2D 00]
5620 [0x002] 8 [FF F8 70 0D 74 00 00 00]
5624 [0x705] 8 [47 49 42 0D 0C 00 88 07]
5627 [0x334] 8 [00 00 00 00 00 00 00 00]
5632 [0x706] 8 [49 00 00 00 00 00 FE 00]
5635 [0x232] 8 [E0 28 2D 27 48 13 A7 00]
5639 [0x002] 8 [FF F8 70 01 68 00 00 00]
5642 [0x391] 8 [00 00 00 00 00 85 00 00]
5646 [0x291] 8 [00 04 3A 26 00 00 01 00]
5649 [0x334] 8 [00 00 00 00 00 00 00 00]
5653 [0x232] 8 [DF 28 2D 27 48 13 A7 00]
5656 [0x351] 8 [00 00 00 00 00 10 21 00]
5660 [0x002] 8 [FF F8 70 05 6C 00 00 00]
5663 [0x431] 8 [00 00 00 00 00 42 02 00]
5667 [0x334] 8 [00 00 00 00 00 00 00 00]
5670 [0x4B1] 8 [02 08 03 00 01 06 00 00]
5675 [0x232] 8 [E0 28 2F 27 48 13 A7 00]
5678 [0x351] 8 [00 00 00 00 00 10 25 00]
5682 [0x002] 8 [FF F8 70 09 70 00 00 00]
5685 [0x706] 8 [49 00 00 00 00 00 FE 00]
5689 [0x334] 8 [00 00 00 00 00 00 00 00]
5692 [0x002] 8 [FF F8 70 0B 72 00 00 00]
5696 [0x232] 8 [E0 28 31 27 48 13 A7 00]
5699 [0x002] 8 [FF F8 70 0D 74 00 00 00]
5703 [0x232] 8 [DE 28 31 27 48 13 A7 00]
5706 [0x331] 8 [EE FF 00 00 00 00 01 80]
5710 [0x334] 8 [00 00 00 00 00 00 00 00]
5713 [0x452] 8 [00 00 00 00 00 00 00 00]
5718 [0x391] 8 [00 00 00 00 00 89 00 00]
5721 [0x002] 8 [FF F8 70 01 68 00 00 00]
5724 [0x705] 8 [47 4B 42 6D 0C 00 8D 07]
5728 [0x334] 8 [00 00 00 00 00 00 00 00]
5731 [0x4B1] 8 [02 08 09 00 01 06 00 00]
5735 [0x232] 8 [E0 28 32 27 48 13 A7 00]
5738 [0x002] 8 [FF F8 70 05 6C 00 00 00]
5742 [0x391] 8 [00 00 00 00 00 8F 00 00]
5745 [0x291] 8 [00 04 3A 26 00 00 0B 00]
5749 [0x334] 8 [00 00 00 00 00 00 00 00]
5752 [0x232] 8 [DF 28 33 27 48 13 A7 00]
5756 [0x351] 8 [00 00 00 00 00 10 2B 00]
5760 [0x002] 8 [FF F8 70 09 70 00 00 00]
5764 [0x432] 8 [81 11 FA 00 1E 8B FA 3E]
5767 [0x334] 8 [00 00 00 00 00 00 00 00]
5771 [0x4B1] 8 [02 08 0D 00 01 06 00 00]
5774 [0x232] 8 [DD 28 33 27 48 13 A7 00]
5778 [0x391] 8 [00 00 00 00 00 81 00 00]
5781 [0x002] 8 [FF F8 70 0D 74 00 00 00]
5785 [0x291] 8 [00 04 3A 26 00 00 0F 00]
5788 [0x334] 8 [00 00 00 00 00 00 00 00]
5792 [0x231] 8 [A0 07 1F 1F 1F EC 28 60]
5795 [0x232] 8 [ED 28 34 27 48 13 A7 00]
5799 [0x002] 8 [FF F8 70 01 68 00 00 00]
5803 [0x235] 8 [00 01 0F 05 03 28 80 00]
5807 [0x332] 8 [00 00 FF FF 00 00 00 00]
5810 [0x4B1] 8 [02 08 01 00 01 06 00 00]
5814 [0x452] 8 [00 00 00 00 00 00 00 00]
5817 [0x351] 8 [00 00 00 00 00 10 21 00]
5821 [0x002] 8 [FF F8 70 05 6C 00 00 00]
5824 [0x705] 8 [47 49 42 AC 0C 00 96 07]
5828 [0x334] 8 [00 00 00 00 00 00 00 00]
5831 [0x002] 8 [FF F8 70 07 6E 00 00 00]
5835 [0x232] 8 [EB 28 34 27 48 13 A7 00]
5838 [0x002] 8 [FF F8 70 09 70 00 00 00]
5842 [0x351] 8 [00 00 00 00 00 10 27 00]
5846 [0x291] 8 [00 04 3A 26 00 00 05 00]
5849 [0x334] 8 [00 00 00 00 00 00 00 00]
5853 [0x232] 8 [ED 28 35 27 48 13 A7 00]
5856 [0x351] 8 [00 00 00 00 00 10 25 00]
5860 [0x002] 8 [FF F8 70 0D 74 00 00 00]
5863 [0x432] 8 [81 11 FA 00 1E 8F FA 3E]
5867 [0x334] 8 [00 00 00 00 00 00 00 00]
5870 [0x4B1] 8 [02 08 07 00 01 06 00 00]
5874 [0x232] 8 [EB 28 35 27 48 13 A7 00]
5877 [0x351] 8 [00 00 00 00 00 10 29 00]
5881 [0x002] 8 [FF F8 70 01 68 00 00 00]
5884 [0x291] 8 [00 04 3A 26 00 00 09 00]
5889 [0x334] 8 [00 00 00 00 00 00 00 00]
5892 [0x231] 8 [AA 07 1F 1F 1F EB 28 60]
5896 [0x232] 8 [EC 28 35 27 48 13 A7 00]
5899 [0x002] 8 [FF F8 70 05 6C 00 00 00]
5903 [0x235] 8 [00 0B 0F 05 03 28 80 00]
5906 [0x333] 8 [00 00 00 00 8D 06 D0 0F]
5910 [0x4B1] 8 [02 08 0B 00 01 06 00 00]
5913 [0x452] 8 [00 00 00 00 00 00 00 00]
5917 [0x351] 8 [00 00 00 00 00 10 2B 00]
5920 [0x002] 8 [FF F8 70 09 70 00 00 00]
5924 [0x705] 8 [47 49 42 E0 0C 00 A1 07]
5927 [0x334] 8 [00 00 00 00 00 00 00 00]
5932 [0x706] 8 [49 00 00 00 00 00 FE 00]
5935 [0x232] 8 [EA 28 36 27 48 13 A7 00]
5939 [0x002] 8 [FF F8 70 0D 74 00 00 00]
5942 [0x231] 8 [B1 07 1F 1F 1F EA 28 60]
5946 [0x291] 8 [00 04 3A 26 00 00 0F 00]
5949 [0x334] 8 [00 00 00 00 00 00 00 00]
5953 [0x232] 8 [EA 28 36 27 48 13 A7 00]
5956 [0x351] 8 [00 00 00 00 00 10 2F 00]
5960 [0x002] 8 [FF F8 70 01 68 00 00 00]
5963 [0x451] 8 [91 02 00 87 20 00 01 00]
5967 [0x334] 8 [00 00 00 00 00 00 00 00]
5970 [0x4B1] 8 [02 08 01 00 01 06 00 00]
5975 [0x232] 8 [EB 28 35 27 48 13 A7 00]
5978 [0x002] 8 [FF F8 70 05 6C 00 00 00]
5981 [0x351] 8 [00 00 00 00 00 10 25 00]
5985 [0x291] 8 [00 04 3A 26 00 00 03 00]
5988 [0x334] 8 [00 00 00 00 00 00 00 00]
5992 [0x232] 8 [EA 28 35 27 48 13 A7 00]
5995 [0x391] 8 [00 00 00 00 00 85 00 00]
5999 [0x002] 8 [FF F8 70 09 70 00 00 00]
6002 [0x352] 8 [00 00 00 00 01 00 00 00]
6006 [0x333] 8 [00 00 00 00 87 06 D0 0F]
6009 [0x4B1] 8 [02 08 05 00 01 06 00 00]
6013 [0x452] 8 [00 00 00 00 00 00 00 00]
6017 [0x391] 8 [00 00 00 00 00 89 00 00]
6021 [0x002] 8 [FF F8 70 0D 74 00 00 00]
6024 [0x705] 8 [47 49 42 D8 0C 00 AA 07]
6028 [0x334] 8 [00 00 00 00 00 00 00 00]
6031 [0x002] 8 [FF F8 70 0F 76 00 00 00]
6035 [0x232] 8 [EB 28 34 27 48 13 A7 00]
6038 [0x002] 8 [FF F8 70 01 68 00 00 00]
6042 [0x231] 8 [B9 07 1F 1F 1F E9 28 60]
6045 [0x331] 8 [EE FF 00 00 00 00 01 80]
6049 [0x334] 8 [00 00 00 00 00 00 00 00]
6052 [0x232] 8 [E9 28 34 27 48 13 A7 00]
6056 [0x351] 8 [00 00 00 00 00 10 29 00]
6060 [0x002] 8 [FF F8 70 05 6C 00 00 00]
6064 [0x451] 8 [95 02 00 87 21 00 01 00]
6067 [0x334] 8 [00 00 00 00 00 00 00 00]
6071 [0x4B1] 8 [02 08 0B 00 01 06 00 00]
6074 [0x232] 8 [E8 28 33 27 48 13 A7 00]
6078 [0x002] 8 [FF F8 70 09 70 00 00 00]
6081 [0x351] 8 [00 00 00 00 00 10 2F 00]
6085 [0x291] 8 [00 04 3A 26 00 00 0D 00]
6088 [0x334] 8 [00 00 00 00 00 00 00 00]
6092 [0x231] 8 [BE 07 1F 1F 1F E9 28 60]
6095 [0x232] 8 [EA 28 34 27 48 13 A7 00]
6099 [0x002] 8 [FF F8 70 0D 74 00 00 00]
6103 [0x431] 8 [00 00 00 00 00 42 02 00]
6107 [0x334] 8 [00 00 00 00 00 00 00 00]
6110 [0x4B1] 8 [02 08 0F 00 01 06 00 00]
6113 [0x452] 8 [00 00 00 00 00 00 00 00]
6117 [0x351] 8 [00 00 00 00 00 10 2D 00]
6120 [0x002] 8 [FF F8 70 01 68 00 00 00]
6124 [0x705] 8 [47 4B 42 E4 0C 00 B4 07]
6127 [0x334] 8 [00 00 00 00 00 00 00 00]
6131 [0x706] 8 [49 00 00 00 00 00 FE 00]
6134 [0x232] 8 [EA 28 33 27 48 13 A7 00]
6138 [0x002] 8 [FF F8 70 05 6C 00 00 00]
6141 [0x232] 8 [E8 28 34 27 48 13 A7 00]
6146 [0x331] 8 [EE FF 00 00 00 00 01 80]
6149 [0x4B1] 8 [02 08 03 00 01 06 00 00]
6153 [0x232] 8 [EA 28 34 27 48 13 A7 00]
6156 [0x351] 8 [00 00 00 00 00 10 23 00]
6160 [0x002] 8 [FF F8 70 09 70 00 00 00]
6163 [0x452] 8 [00 00 00 00 00 00 00 00]
6167 [0x334] 8 [00 00 00 00 00 00 00 00]
6170 [0x002] 8 [FF F8 70 0B 72 00 00 00]
6174 [0x232] 8 [E8 28 33 27 48 13 A7 00]
6177 [0x002] 8 [FF F8 70 0D 74 00 00 00]
6181 [0x351] 8 [00 00 00 00 00 10 29 00]
6184 [0x291] 8 [00 04 3A 26 00 00 07 00]
6189 [0x334] 8 [00 00 00 00 00 00 00 00]
6192 [0x232] 8 [E9 28 33 27 48 13 A7 00]
6196 [0x391] 8 [00 00 00 00 00 89 00 00]
6199 [0x002] 8 [FF F8 70 01 68 00 00 00]
6203 [0x431] 8 [00 00 00 00 00 42 02 00]
6206 [0x334] 8 [00 00 00 00 00 00 00 00]
6210 [0x4B1] 8 [02 08 09 00 01 06 00 00]
6213 [0x452] 8 [00 00 00 00 00 00 00 00]
6217 [0x351] 8 [00 00 00 00 00 10 2B 00]
6220 [0x002] 8 [FF F8 70 05 6C 00 00 00]
6224 [0x705] 8 [47 4B 42 E2 0C 00 BB 07]
6227 [0x334] 8 [00 00 00 00 00 00 00 00]
6232 [0x002] 8 [FF F8 70 07 6E 00 00 00]
6235 [0x232] 8 [E8 28 34 27 48 13 A7 00]
6239 [0x002] 8 [FF F8 70 09 70 00 00 00]
6242 [0x235] 8 [00 0D 0F 05 03 28 80 00]
6245 [0x332] 8 [00 00 FF FF 00 00 00 00]
6249 [0x4B1] 8 [02 08 0D 00 01 06 00 00]
6252 [0x232] 8 [E9 28 34 27 48 13 A7 00]
6256 [0x351] 8 [00 00 00 00 00 10 2D 00]
6259 [0x002] 8 [FF F8 70 0D 74 00 00 00]
6263 [0x491] 8 [5E 6E 20 90 00 B1 B1 1B]
6266 [0x334] 8 [00 00 00 00 00 00 00 00]
6270 [0x705] 8 [47 49 42 C8 0C 00 BD 07]
6274 [0x232] 8 [E9 28 34 27 48 13 A7 00]
6278 [0x002] 8 [FF F8 70 01 68 00 00 00]
6281 [0x352] 8 [00 00 00 00 01 00 00 00]
6285 [0x291] 8 [00 04 3A 26 00 00 01 00]
6288 [0x334] 8 [00 00 00 00 00 00 00 00]
6292 [0x232] 8 [E7 28 33 27 48 13 A7 00]
6295 [0x351] 8 [00 00 00 00 00 10 21 00]
6299 [0x002] 8 [FF F8 70 05 6C 00 00 00]
6302 [0x431] 8 [00 00 00 00 00 42 02 00]
6306 [0x334] 8 [00 00 00 00 00 00 00 00]
6309 [0x4B1] 8 [02 08 03 00 01 06 00 00]
6313 [0x452] 8 [00 00 00 00 00 00 00 00]
6317 [0x002] 8 [FF F8 70 09 70 00 00 00]
6321 [0x351] 8 [00 00 00 00 00 10 27 00]
6324 [0x291] 8 [00 04 3A 26 00 00 05 00]
6328 [0x334] 8 [00 00 00 00 00 00 00 00]
6331 [0x231] 8 [BE 07 1F 1F 1F E5 28 60]
6335 [0x232] 8 [E7 28 33 27 48 13 A7 00]
6338 [0x002] 8 [FF F8 70 0D 74 00 00 00]
6342 [0x235] 8 [00 07 0E 05 03 28 80 00]
6345 [0x333] 8 [00 00 00 00 89 06 D0 0F]
6349 [0x4B1] 8 [02 08 07 00 01 06 00 00]
6352 [0x232] 8 [F5 28 32 27 48 13 A7 00]
6356 [0x391] 8 [00 00 00 00 00 87 00 00]
6360 [0x002] 8 [FF F8 70 01 68 00 00 00]
6364 [0x491] 8 [5E 6E 20 90 00 B1 B1 1B]
6367 [0x334] 8 [00 00 00 00 00 00 00 00]
6371 [0x002] 8 [FF F8 70 03 6A 00 00 00]
6374 [0x232] 8 [F6 28 32 27 48 13 A7 00]
6377 [0x002] 8 [FF F8 70 05 6C 00 00 00]
6381 [0x352] 8 [00 00 00 00 01 00 00 00]
6384 [0x291] 8 [00 04 3A 26 00 00 0B 00]
6388 [0x334] 8 [00 00 00 00 00 00 00 00]
6391 [0x232] 8 [F6 28 32 27 48 13 A7 00]
6395 [0x391] 8 [00 00 00 00 00 8D 00 00]
6398 [0x002] 8 [FF F8 70 09 70 00 00 00]
6403 [0x431] 8 [00 00 00 00 00 42 02 00]
6406 [0x334] 8 [00 00 00 00 00 00 00 00]
6410 [0x4B1] 8 [02 08 0D 00 01 06 00 00]
6413 [0x452] 8 [00 00 00 00 00 00 00 00]
6417 [0x002] 8 [FF F8 70 0D 74 00 00 00]
6420 [0x351] 8 [00 00 00 00 00 10 21 00]
6424 [0x291] 8 [00 04 3A 26 00 00 0F 00]
6427 [0x334] 8 [00 00 00 00 00 00 00 00]
6431 [0x232] 8 [F6 28 31 27 48 13 A7 00]
6434 [0x391] 8 [00 00 00 00 00 81 00 00]
6438 [0x002] 8 [FF F8 70 01 68 00 00 00]
6441 [0x352] 8 [00 00 00 00 01 00 00 00]
6446 [0x333] 8 [00 00 00 00 83 06 D0 0F]
6449 [0x4B1] 8 [02 08 01 00 01 06 00 00]
6453 [0x232] 8 [F3 28 31 27 48 13 A7 00]
6456 [0x391] 8 [00 00 00 00 00 85 00 00]
6460 [0x002] 8 [FF F8 70 05 6C 00 00 00]
6463 [0x491] 8 [5E 6E 20 90 00 B1 B1 1B]
6467 [0x334] 8 [00 00 00 00 00 00 00 00]
6470 [0x705] 8 [47 49 42 BF 0C 00 CF 07]
6474 [0x232] 8 [F3 28 31 27 48 13 A7 00]
6477 [0x002] 8 [FF F8 70 09 70 00 00 00]
6481 [0x231] 8 [CA 07 20 20 20 F4 28 60]
6484 [0x331] 8 [EE FF 00 00 00 00 01 80]
6489 [0x4B1] 8 [02 08 05 00 01 06 00 00]
6492 [0x232] 8 [F5 28 30 27 48 13 A7 00]
6496 [0x351] 8 [00 00 00 00 00 10 25 00]
6499 [0x002] 8 [FF F8 70 0D 74 00 00 00]
6502 [0x431] 8 [00 00 00 00 00 42 02 00]
6506 [0x334] 8 [00 00 00 00 00 00 00 00]
6509 [0x002] 8 [FF F8 70 0F 76 00 00 00]
6513 [0x452] 8 [00 00 00 00 00 00 00 00]
6516 [0x002] 8 [FF F8 70 01 68 00 00 00]
6520 [0x351] 8 [00 00 00 00 00 10 2B 00]
6523 [0x291] 8 [00 04 3A 26 00 00 09 00]
6528 [0x334] 8 [00 00 00 00 00 00 00 00]
6531 [0x232] 8 [F3 28 30 27 48 13 A7 00]
6535 [0x351] 8 [00 00 00 00 00 10 29 00]
6538 [0x002] 8 [FF F8 70 05 6C 00 00 00]
6542 [0x391] 8 [00 00 00 00 00 8F 00 00]
6545 [0x334] 8 [00 00 00 00 00 00 00 00]
6549 [0x4B1] 8 [02 08 0B 00 01 06 00 00]
6552 [0x232] 8 [F5 28 30 27 48 13 A7 00]
6556 [0x351] 8 [00 00 00 00 00 10 2D 00]
6559 [0x002] 8 [FF F8 70 09 70 00 00 00]
6563 [0x491] 8 [5E 6E 20 90 00 B1 B1 1B]
6566 [0x334] 8 [00 00 00 00 00 00 00 00]
6571 [0x705] 8 [47 49 42 9E 0C 00 D7 07]
6574 [0x232] 8 [F2 28 2F 27 48 13 A7 00]
6578 [0x002] 8 [FF F8 70 0D 74 00 00 00]
6581 [0x235] 8 [00 0F 0E 05 03 28 80 00]
6585 [0x331] 8 [EE FF 00 00 00 00 01 80]
6588 [0x4B1] 8 [02 08 0F 00 01 06 00 00]
6592 [0x232] 8 [F2 28 2F 27 48 13 A7 00]
6595 [0x391] 8 [00 00 00 00 00 81 00 00]
6599 [0x002] 8 [FF F8 70 01 68 00 00 00]
6602 [0x431] 8 [00 00 00 00 00 42 02 00]
6606 [0x334] 8 [00 00 00 00 00 00 00 00]
6609 [0x002] 8 [FF F8 70 03 6A 00 00 00]
6614 [0x452] 8 [00 00 00 00 00 00 00 00]
6617 [0x002] 8 [FF F8 70 05 6C 00 00 00]
6621 [0x351] 8 [00 00 00 00 00 10 25 00]
6624 [0x291] 8 [00 04 3A 26 00 00 03 00]
6628 [0x334] 8 [00 00 00 00 00 00 00 00]
6631 [0x232] 8 [F4 28 30 27 48 13 A7 00]
6634 [0x391] 8 [00 00 00 00 00 85 00 00]
6638 [0x002] 8 [FF F8 70 09 70 00 00 00]
6641 [0x431] 8 [00 00 00 00 00 42 02 00]
6645 [0x334] 8 [00 00 00 00 00 00 00 00]
6648 [0x4B1] 8 [02 08 05 00 01 06 00 00]
6652 [0x232] 8 [F2 28 30 27 48 13 A7 00]
6656 [0x002] 8 [FF F8 70 0D 74 00 00 00]
6660 [0x391] 8 [00 00 00 00 00 8B 00 00]
6663 [0x491] 8 [5E 6E 20 90 00 B1 B1 1B]
6667 [0x334] 8 [00 00 00 00 00 00 00 00]
6670 [0x705] 8 [47 47 42 AE 0C 00 DF 07]
6674 [0x232] 8 [F4 28 31 27 48 13 A7 00]
6677 [0x002] 8 [FF F8 70 01 68 00 00 00]
6681 [0x235] 8 [00 09 0E 05 03 28 80 00]
6684 [0x332] 8 [00 00 FF FF 00 00 00 00]
6688 [0x4B1] 8 [02 08 09 00 01 06 00 00]
6691 [0x232] 8 [F1 28 31 27 48 13 A7 00]
6695 [0x351] 8 [00 00 00 00 00 10 27 00]
6699 [0x002] 8 [FF F8 70 05 6C 00 00 00]
6703 [0x431] 8 [00 00 00 00 00 42 02 00]
6706 [0x334] 8 [00 00 00 00 00 00 00 00]
6710 [0x491] 8 [5E 6E 20 90 00 B1 B1 1B]
6713 [0x452] 8 [00 00 00 00 00 00 00 00]
6717 [0x002] 8 [FF F8 70 09 70 00 00 00]
6720 [0x352] 8 [00 00 00 00 01 00 00 00]
6724 [0x291] 8 [00 04 3A 26 00 00 0D 00]
6727 [0x334] 8 [00 00 00 00 00 00 00 00]
6731 [0x232] 8 [F3 28 31 27 48 13 A7 00]
6734 [0x351] 8 [00 00 00 00 00 10 2D 00]
6738 [0x002] 8 [FF F8 70 0D 74 00 00 00]
6742 [0x431] 8 [00 00 00 00 00 42 02 00]
6746 [0x334] 8 [00 00 00 00 00 00 00 00]
6749 [0x4B1] 8 [02 08 0F 00 01 06 00 00]
6753 [0x232] 8 [F2 28 31 27 48 13 A7 00]
6756 [0x002] 8 [FF F8 70 01 68 00 00 00]
6760 [0x391] 8 [00 00 00 00 00 85 00 00]
6763 [0x491] 8 [5E 6E 20 90 00 B1 B1 1B]
6766 [0x334] 8 [00 00 00 00 00 00 00 00]
6770 [0x231] 8 [E3 07 20 20 20 EF 28 60]
6773 [0x232] 8 [F0 28 32 27 48 13 A7 00]
6777 [0x002] 8 [FF F8 70 05 6C 00 00 00]
6780 [0x352] 8 [00 00 00 00 01 00 00 00]
6785 [0x332] 8 [00 00 FF FF 00 00 00 00]
6788 [0x4B1] 8 [02 08 03 00 01 06 00 00]
6792 [0x232] 8 [F0 28 32 27 48 13 A7 00]
6795 [0x351] 8 [00 00 00 00 00 10 21 00]
6799 [0x002] 8 [FF F8 70 09 70 00 00 00]
6802 [0x431] 8 [00 00 00 00 00 42 02 00]
6806 [0x334] 8 [00 00 00 00 00 00 00 00]
6809 [0x491] 8 [5E 6E 20 90 00 B1 B1 1B]
6813 [0x452] 8 [00 00 00 00 00 00 00 00]
6816 [0x002] 8 [FF F8 70 0D 74 00 00 00]
6820 [0x231] 8 [F9 07 20 20 20 EE 28 60]
6823 [0x291] 8 [00 04 3A 26 00 00 07 00]
6828 [0x4B1] 8 [02 08 07 00 01 06 00 00]
6831 [0x232] 8 [EF 28 33 27 48 13 A7 00]
6835 [0x351] 8 [00 00 00 00 00 10 27 00]
6838 [0x002] 8 [FF F8 70 01 68 00 00 00]
6842 [0x431] 8 [00 00 00 00 00 42 02 00]
6845 [0x334] 8 [00 00 00 00 00 00 00 00]
6849 [0x002] 8 [FF F8 70 03 6A 00 00 00]
6852 [0x232] 8 [F2 28 34 27 48 13 A7 00]
6856 [0x002] 8 [FF F8 70 05 6C 00 00 00]
6859 [0x351] 8 [00 00 00 00 00 10 2D 00]
6863 [0x491] 8 [5E 6E 20 90 00 B1 B1 1B]
6866 [0x334] 8 [00 00 00 00 00 00 00 00]
6871 [0x232] 8 [F1 28 33 27 48 13 A7 00]
6874 [0x351] 8 [00 00 00 00 00 10 2B 00]
6878 [0x002] 8 [FF F8 70 09 70 00 00 00]
6881 [0x391] 8 [00 00 00 00 00 81 00 00]
6885 [0x333] 8 [00 00 00 00 8F 06 D0 0F]
6888 [0x4B1] 8 [02 08 0D 00 01 06 00 00]
6892 [0x232] 8 [EF 28 33 27 48 13 A7 00]
6895 [0x351] 8 [00 00 00 00 00 10 2F 00]
6898 [0x002] 8 [FF F8 70 0D 74 00 00 00]
6902 [0x431] 8 [00 00 00 00 00 42 02 00]
6905 [0x334] 8 [00 00 00 00 00 00 00 00]
6909 [0x491] 8 [5E 6E 20 90 00 B1 B1 1B]
6913 [0x452] 8 [00 00 00 00 00 00 00 00]
6917 [0x002] 8 [FF F8 70 01 68 00 00 00]
6920 [0x232] 8 [EF 28 32 27 48 13 A7 00]
6924 [0x291] 8 [00 04 3A 26 00 00 01 00]
6927 [0x4B1] 8 [02 08 01 00 01 06 00 00]
6931 [0x232] 8 [F1 28 32 27 48 13 A7 00]
6934 [0x351] 8 [00 00 00 00 00 10 21 00]
6938 [0x002] 8 [FF F8 70 05 6C 00 00 00]
6941 [0x431] 8 [00 00 00 00 00 42 02 00]
6945 [0x334] 8 [00 00 00 00 00 00 00 00]
6948 [0x002] 8 [FF F8 70 07 6E 00 00 00]
6952 [0x232] 8 [EE 28 31 27 48 13 A7 00]
6956 [0x002] 8 [FF F8 70 09 70 00 00 00]
6960 [0x351] 8 [00 00 00 00 00 10 27 00]
6963 [0x291] 8 [00 04 3A 26 00 00 05 00]
6967 [0x334] 8 [00 00 00 00 00 00 00 00]
6970 [0x232] 8 [F0 28 31 27 48 13 A7 00]
6974 [0x351] 8 [00 00 00 00 00 10 25 00]
6977 [0x002] 8 [FF F8 70 0D 74 00 00 00]
6981 [0x391] 8 [00 00 00 00 00 8B 00 00]
6984 [0x333] 8 [00 00 00 00 89 06 D0 0F]
6988 [0x4B1] 8 [02 08 07 00 01 06 00 00]
6991 [0x232] 8 [F0 28 31 27 48 13 A7 00]
6995 [0x002] 8 [FF F8 70 01 68 00 00 00]
6999 [0x391] 8 [00 00 00 00 00 8D 00 00]
7003 [0x431] 8 [00 00 00 00 00 42 02 00]
7006 [0x334] 8 [00 00 00 00 00 00 00 00]
7010 [0x491] 8 [5E 6E 20 90 00 B1 B1 1B]
7013 [0x452] 8 [00 00 00 00 00 00 00 00]
7017 [0x002] 8 [FF F8 70 05 6C 00 00 00]
7020 [0x235] 8 [00 0B 0E 05 03 28 80 00]
7024 [0x331] 8 [EE FF 00 00 00 00 00 80]
7027 [0x4B1] 8 [02 08 0B 00 01 06 00 00]
7030 [0x232] 8 [ED 28 31 27 48 13 A7 00]
7034 [0x351] 8 [00 00 00 00 00 10 29 00]
7037 [0x002] 8 [FF F8 70 09 70 00 00 00]
7042 [0x431] 8 [00 00 00 00 00 42 02 00]
7045 [0x334] 8 [00 00 00 00 00 00 00 00]
7049 [0x002] 8 [FF F8 70 0B 72 00 00 00]
7052 [0x232] 8 [EF 28 30 27 48 13 A7 00]
7056 [0x002] 8 [FF F8 70 0D 74 00 00 00]
7059 [0x351] 8 [00 00 00 00 00 10 21 00]
7063 [0x291] 8 [00 04 3A 26 00 00 0F 00]
7066 [0x334] 8 [00 00 00 00 00 00 00 00]
7070 [0x232] 8 [EF 28 2F 27 48 13 A7 00]
7073 [0x351] 8 [00 00 00 00 00 10 2F 00]
7077 [0x002] 8 [FF F8 70 01 68 00 00 00]
7080 [0x431] 8 [00 00 00 00 00 42 02 00]
7085 [0x334] 8 [00 00 00 00 00 00 00 00]
7088 [0x4B1] 8 [02 08 01 00 01 06 00 00]
7092 [0x232] 8 [ED 28 2F 27 48 13 A7 00]
7095 [0x002] 8 [FF F8 70 05 6C 00 00 00]
7099 [0x351] 8 [00 00 00 00 00 10 25 00]
7102 [0x431] 8 [00 00 00 00 00 42 02 00]
7106 [0x334] 8 [00 00 00 00 00 00 00 00]
7109 [0x432] 8 [81 11 FA 00 1E 89 FA 3E]
7113 [0x452] 8 [00 00 00 00 00 00 00 00]
7116 [0x002] 8 [FF F8 70 09 70 00 00 00]
7120 [0x235] 8 [00 05 0E 05 03 28 80 00]
7123 [0x332] 8 [00 00 FF FF 00 00 00 00]
7128 [0x4B1] 8 [02 08 05 00 01 06 00 00]
7131 [0x232] 8 [EC 28 2E 27 48 13 A7 00]
7135 [0x351] 8 [00 00 00 00 00 10 23 00]
7138 [0x002] 8 [FF F8 70 0D 74 00 00 00]
7142 [0x431] 8 [00 00 00 00 00 42 02 00]
7145 [0x334] 8 [00 00 00 00 00 00 00 00]
7149 [0x002] 8 [FF F8 70 0F 76 00 00 00]
7152 [0x232] 8 [EC 28 2F 27 48 13 A7 00]
7155 [0x002] 8 [FF F8 70 01 68 00 00 00]
7159 [0x351] 8 [00 00 00 00 00 10 2B 00]
7162 [0x291] 8 [00 04 3A 26 00 00 09 00]
7166 [0x334] 8 [00 00 00 00 00 00 00 00]
7170 [0x232] 8 [EE 28 2F 27 48 13 A7 00]
7174 [0x351] 8 [00 00 00 00 00 10 29 00]
7177 [0x002] 8 [FF F8 70 05 6C 00 00 00]
7181 [0x431] 8 [00 00 00 00 00 42 02 00]
7184 [0x334] 8 [00 00 00 00 00 00 00 00]
7188 [0x002] 8 [FF F8 70 07 6E 00 00 00]
7191 [0x232] 8 [EE 28 2F 27 48 13 A7 00]
7195 [0x002] 8 [FF F8 70 09 70 00 00 00]
7198 [0x351] 8 [00 00 00 00 00 10 2F 00]
7202 [0x431] 8 [00 00 00 00 00 42 02 00]
7205 [0x334] 8 [00 00 00 00 00 00 00 00]
7209 [0x231] 8 [0A 08 20 20 20 EA 28 60]
7213 [0x452] 8 [00 00 00 00 00 00 00 00]
7217 [0x002] 8 [FF F8 70 0D 74 00 00 00]
7220 [0x352] 8 [00 00 00 00 01 00 00 00]
7224 [0x332] 8 [00 00 FF FF 00 00 00 00]
7227 [0x4B1] 8 [02 08 0F 00 01 06 00 00]
7231 [0x232] 8 [EB 28 2E 27 48 13 A7 00]
7234 [0x351] 8 [00 00 00 00 00 10 2D 00]
7238 [0x002] 8 [FF F8 70 01 68 00 00 00]
7241 [0x431] 8 [00 00 00 00 00 42 02 00]
7245 [0x334] 8 [00 00 00 00 00 00 00 00]
7248 [0x002] 8 [FF F8 70 03 6A 00 00 00]
7252 [0x232] 8 [ED 28 2E 27 48 13 A7 00]
7256 [0x002] 8 [FF F8 70 05 6C 00 00 00]
7260 [0x231] 8 [1E 08 20 20 20 EA 28 60]
7263 [0x291] 8 [00 04 3A 26 00 00 03 00]
7267 [0x4B1] 8 [02 08 03 00 01 06 00 00]
7270 [0x232] 8 [EB 28 2D 27 48 13 A7 00]
7274 [0x351] 8 [00 00 00 00 00 10 23 00]
7277 [0x002] 8 [FF F8 70 09 70 00 00 00]
7281 [0x706] 8 [49 00 00 00 00 00 FE 00]
7284 [0x334] 8 [00 00 00 00 00 00 00 00]
7287 [0x002] 8 [FF F8 70 0B 72 00 00 00]
7291 [0x232] 8 [ED 28 2D 27 48 13 A7 00]
7294 [0x002] 8 [FF F8 70 0D 74 00 00 00]
7299 [0x351] 8 [00 00 00 00 00 10 29 00]
7302 [0x431] 8 [00 00 00 00 00 42 02 00]
7306 [0x334] 8 [00 00 00 00 00 00 00 00]
7309 [0x231] 8 [22 08 20 20 20 EC 28 60]
7313 [0x452] 8 [00 00 00 00 00 00 00 00]
7316 [0x002] 8 [FF F8 70 01 68 00 00 00]
7320 [0x352] 8 [00 00 00 00 01 00 00 00]
7323 [0x333] 8 [00 00 00 00 8B 06 D0 0F]
7327 [0x4B1] 8 [02 08 09 00 01 06 00 00]
7330 [0x232] 8 [EA 28 2C 27 48 13 A7 00]
7334 [0x002] 8 [FF F8 70 05 6C 00 00 00]
7337 [0x351] 8 [00 00 00 00 00 10 2D 00]
7342 [0x431] 8 [00 00 00 00 00 42 02 00]
7345 [0x334] 8 [00 00 00 00 00 00 00 00]
7349 [0x002] 8 [FF F8 70 07 6E 00 00 00]
7352 [0x232] 8 [EA 28 2C 27 48 13 A7 00]
7356 [0x002] 8 [FF F8 70 09 70 00 00 00]
7359 [0x232] 8 [EA 28 2C 27 48 13 A7 00]
7363 [0x291] 8 [00 04 3A 26 00 00 0D 00]
7366 [0x4B1] 8 [02 08 0D 00 01 06 00 00]
7370 [0x232] 8 [EC 28 2B 27 48 13 A7 00]
7373 [0x351] 8 [00 00 00 00 00 10 27 00]
7377 [0x002] 8 [FF F8 70 0D 74 00 00 00]
7380 [0x706] 8 [49 00 00 00 00 00 FE 00]
7385 [0x334] 8 [00 00 00 00 00 00 00 00]
7388 [0x002] 8 [FF F8 70 0F 76 00 00 00]
7392 [0x232] 8 [EC 28 2C 27 48 13 A7 00]
7395 [0x002] 8 [FF F8 70 01 68 00 00 00]
7399 [0x351] 8 [00 00 00 00 00 10 23 00]
7402 [0x431] 8 [00 00 00 00 00 42 02 00]
7406 [0x334] 8 [00 00 00 00 00 00 00 00]
7409 [0x232] 8 [EA 28 2D 27 48 13 A7 00]
7413 [0x452] 8 [00 00 00 00 00 00 00 00]
7416 [0x002] 8 [FF F8 70 05 6C 00 00 00]
7419 [0x391] 8 [00 00 00 00 00 87 00 00]
7424 [0x334] 8 [00 00 00 00 00 00 00 00]
7427 [0x4B1] 8 [02 08 03 00 01 06 00 00]
7431 [0x232] 8 [EC 28 2D 27 48 13 A7 00]
7434 [0x002] 8 [FF F8 70 09 70 00 00 00]
7438 [0x351] 8 [00 00 00 00 00 10 27 00]
7441 [0x431] 8 [00 00 00 00 00 42 02 00]
7445 [0x334] 8 [00 00 00 00 00 00 00 00]
7448 [0x002] 8 [FF F8 70 0B 72 00 00 00]
7452 [0x232] 8 [EB 28 2D 27 48 13 A7 00]
7455 [0x002] 8 [FF F8 70 0D 74 00 00 00]
7459 [0x232] 8 [E9 28 2D 27 48 13 A7 00]
7462 [0x331] 8 [EE FF 00 00 00 00 00 80]
7467 [0x4B1] 8 [02 08 07 00 01 06 00 00]
7470 [0x232] 8 [E9 28 2E 27 48 13 A7 00]
7474 [0x351] 8 [00 00 00 00 00 10 21 00]
7477 [0x002] 8 [FF F8 70 01 68 00 00 00]
7481 [0x706] 8 [49 00 00 00 00 00 FE 00]
7484 [0x334] 8 [00 00 00 00 00 00 00 00]
7488 [0x002] 8 [FF F8 70 03 6A 00 00 00]
7491 [0x232] 8 [EB 28 2E 27 48 13 A7 00]
7495 [0x002] 8 [FF F8 70 05 6C 00 00 00]
7498 [0x351] 8 [00 00 00 00 00 10 2D 00]
7502 [0x291] 8 [00 04 3A 26 00 00 0B 00]
7505 [0x4B1] 8 [02 08 0B 00 01 06 00 00]
7510 [0x451] 8 [99 02 00 87 20 00 01 00]
7513 [0x452] 8 [00 00 00 00 00 00 00 00]
7517 [0x002] 8 [FF F8 70 09 70 00 00 00]
7520 [0x431] 8 [00 00 00 00 00 42 02 00]
7524 [0x334] 8 [00 00 00 00 00 00 00 00]
7527 [0x002] 8 [FF F8 70 0B 72 00 00 00]
7531 [0x232] 8 [E9 28 2E 27 48 13 A7 00]
7534 [0x002] 8 [FF F8 70 0D 74 00 00 00]
7538 [0x351] 8 [00 00 00 00 00 10 21 00]
7541 [0x431] 8 [00 00 00 00 00 42 02 00]
7545 [0x334] 8 [00 00 00 00 00 00 00 00]
7548 [0x002] 8 [FF F8 70 0F 76 00 00 00]
7552 [0x232] 8 [E8 28 2F 27 48 13 A7 00]
7556 [0x002] 8 [FF F8 70 01 68 00 00 00]
7559 [0x235] 8 [00 01 0E 05 03 28 80 00]
7563 [0x331] 8 [EE FF 00 00 00 00 01 80]
7566 [0x4B1] 8 [02 08 01 00 01 06 00 00]
7570 [0x232] 8 [EB 28 2E 27 48 13 A7 00]
7573 [0x351] 8 [00 00 00 00 00 10 2B 00]
7577 [0x002] 8 [FF F8 70 05 6C 00 00 00]
7580 [0x706] 8 [49 00 00 00 00 00 FE 00]
7584 [0x334] 8 [00 00 00 00 00 00 00 00]
7587 [0x002] 8 [FF F8 70 07 6E 00 00 00]
7591 [0x232] 8 [EB 28 2E 27 48 13 A7 00]
7595 [0x002] 8 [FF F8 70 09 70 00 00 00]
7599 [0x351] 8 [00 00 00 00 00 10 27 00]
7602 [0x291] 8 [00 04 3A 26 00 00 05 00]
7606 [0x4B1] 8 [02 08 05 00 01 06 00 00]
7609 [0x451] 8 [93 02 00 87 20 00 01 00]
7613 [0x452] 8 [00 00 00 00 00 00 00 00]
7616 [0x002] 8 [FF F8 70 0D 74 00 00 00]
7620 [0x431] 8 [00 00 00 00 00 42 02 00]
7623 [0x334] 8 [00 00 00 00 00 00 00 00]
7627 [0x002] 8 [FF F8 70 0F 76 00 00 00]
7630 [0x232] 8 [EA 28 2E 27 48 13 A7 00]
7634 [0x002] 8 [FF F8 70 01 68 00 00 00]
7638 [0x391] 8 [00 00 00 00 00 8D 00 00]
7642 [0x431] 8 [00 00 00 00 00 42 02 00]
7645 [0x334] 8 [00 00 00 00 00 00 00 00]
7649 [0x231] 8 [25 08 20 20 20 E7 28 60]
7652 [0x232] 8 [E8 28 2D 27 48 13 A7 00]
7656 [0x002] 8 [FF F8 70 05 6C 00 00 00]
7659 [0x352] 8 [00 00 00 00 01 00 00 00]
7663 [0x332] 8 [00 00 FF FF 00 00 00 00]
7666 [0x4B1] 8 [02 08 0B 00 01 06 00 00]
7670 [0x232] 8 [E8 28 2D 27 48 13 A7 00]
7673 [0x002] 8 [FF F8 70 09 70 00 00 00]
7676 [0x351] 8 [00 00 00 00 00 10 2F 00]
7681 [0x706] 8 [49 00 00 00 00 00 FE 00]
7684 [0x334] 8 [00 00 00 00 00 00 00 00]
7688 [0x002] 8 [FF F8 70 0B 72 00 00 00]
7691 [0x232] 8 [EA 28 2E 27 48 13 A7 00]
7695 [0x002] 8 [FF F8 70 0D 74 00 00 00]
7698 [0x231] 8 [2A 08 20 20 20 E6 28 60]
7702 [0x291] 8 [00 04 3A 26 00 00 0F 00]
7705 [0x4B1] 8 [02 08 0F 00 01 06 00 00]
7709 [0x452] 8 [00 00 00 00 00 00 00 00]
7712 [0x351] 8 [00 00 00 00 00 10 25 00]
7716 [0x002] 8 [FF F8 70 01 68 00 00 00]
7719 [0x705] 8 [47 49 42 F9 0C 00 32 08]
7724 [0x334] 8 [00 00 00 00 00 00 00 00]
7727 [0x002] 8 [FF F8 70 03 6A 00 00 00]
7731 [0x232] 8 [E7 28 2D 27 48 13 A7 00]
7734 [0x002] 8 [FF F8 70 05 6C 00 00 00]
7738 [0x351] 8 [00 00 00 00 00 10 25 00]
7741 [0x431] 8 [00 00 00 00 00 42 02 00]
7745 [0x334] 8 [00 00 00 00 00 00 00 00]
7748 [0x231] 8 [40 08 20 20 20 E6 28 60]
7752 [0x232] 8 [E7 28 2E 27 48 13 A7 00]
7755 [0x002] 8 [FF F8 70 09 70 00 00 00]
7759 [0x352] 8 [00 00 00 00 01 00 00 00]
7762 [0x333] 8 [00 00 00 00 87 06 D0 0F]
7767 [0x4B1] 8 [02 08 05 00 01 06 00 00]
7770 [0x232] 8 [E9 28 2E 27 48 13 A7 00]
7774 [0x002] 8 [FF F8 70 0D 74 00 00 00]
7777 [0x351] 8 [00 00 00 00 00 10 29 00]
7781 [0x706] 8 [49 00 00 00 00 00 FE 00]
7784 [0x334] 8 [00 00 00 00 00 00 00 00]
7788 [0x002] 8 [FF F8 70 0F 76 00 00 00]
7791 [0x232] 8 [E9 28 2E 27 48 13 A7 00]
7795 [0x002] 8 [FF F8 70 01 68 00 00 00]
7798 [0x231] 8 [43 08 20 20 20 E8 28 60]
7802 [0x291] 8 [00 04 3A 26 00 00 09 00]
7805 [0x4B1] 8 [02 08 09 00 01 06 00 00]
7809 [0x452] 8 [00 00 00 00 00 00 00 00]
7813 [0x351] 8 [00 00 00 00 00 10 23 00]
7816 [0x002] 8 [FF F8 70 05 6C 00 00 00]
7820 [0x705] 8 [47 4B 42 F2 0C 00 39 08]
7823 [0x334] 8 [00 00 00 00 00 00 00 00]
7827 [0x002] 8 [FF F8 70 07 6E 00 00 00]
7830 [0x232] 8 [E9 28 2F 27 48 13 A7 00]
7834 [0x002] 8 [FF F8 70 09 70 00 00 00]
7837 [0x351] 8 [00 00 00 00 00 10 2F 00]
7841 [0x431] 8 [00 00 00 00 00 42 02 00]
7844 [0x4B1] 8 [02 08 0D 00 01 06 00 00]
7848 [0x232] 8 [E6 28 2F 27 48 13 A7 00]
7852 [0x351] 8 [00 00 00 00 00 10 2D 00]
7856 [0x002] 8 [FF F8 70 0D 74 00 00 00]
7859 [0x391] 8 [00 00 00 00 00 83 00 00]
7863 [0x333] 8 [00 00 00 00 81 06 D0 0F]
7866 [0x002] 8 [FF F8 70 0F 76 00 00 00]
7870 [0x232] 8 [E6 28 2F 27 48 13 A7 00]
7873 [0x002] 8 [FF F8 70 01 68 00 00 00]
7877 [0x351] 8 [00 00 00 00 00 10 23 00]
7880 [0x706] 8 [49 00 00 00 00 00 FE 00]
7884 [0x334] 8 [00 00 00 00 00 00 00 00]
7887 [0x002] 8 [FF F8 70 03 6A 00 00 00]
7891 [0x232] 8 [E8 28 2F 27 48 13 A7 00]
7895 [0x002] 8 [FF F8 70 05 6C 00 00 00]
7899 [0x232] 8 [E6 28 2F 27 48 13 A7 00]
7902 [0x331] 8 [EE FF 00 00 00 00 01 80]
7906 [0x4B1] 8 [02 08 03 00 01 06 00 00]
7909 [0x452] 8 [00 00 00 00 00 00 00 00]
7913 [0x351] 8 [00 00 00 00 00 10 21 00]
7916 [0x002] 8 [FF F8 70 09 70 00 00 00]
7920 [0x705] 8 [47 49 42 19 0D 00 3F 08]
7923 [0x334] 8 [00 00 00 00 00 00 00 00]
7927 [0x002] 8 [FF F8 70 0B 72 00 00 00]
7930 [0x232] 8 [DE 28 2F 27 48 13 A7 00]
7934 [0x002] 8 [FF F8 70 0D 74 00 00 00]
7938 [0x351] 8 [00 00 00 00 00 10 29 00]
7941 [0x431] 8 [00 00 00 00 00 42 02 00]
7945 [0x4B1] 8 [02 08 07 00 01 06 00 00]
7948 [0x232] 8 [DE 28 2F 27 48 13 A7 00]
7952 [0x351] 8 [00 00 00 00 00 10 27 00]
7955 [0x002] 8 [FF F8 70 01 68 00 00 00]
7959 [0x391] 8 [00 00 00 00 00 8D 00 00]
7962 [0x334] 8 [00 00 00 00 00 00 00 00]
7966 [0x002] 8 [FF F8 70 03 6A 00 00 00]
7969 [0x232] 8 [E0 28 2E 27 48 13 A7 00]
7973 [0x002] 8 [FF F8 70 05 6C 00 00 00]
7976 [0x351] 8 [00 00 00 00 00 10 2D 00]
7981 [0x706] 8 [49 00 00 00 00 00 FE 00]
7984 [0x334] 8 [00 00 00 00 00 00 00 00]
7988 [0x002] 8 [FF F8 70 07 6E 00 00 00]
7991 [0x232] 8 [E0 28 2E 27 48 13 A7 00]
7995 [0x002] 8 [FF F8 70 09 70 00 00 00]
7998 [0x235] 8 [00 0D 0D 05 03 28 80 00]
8002 [0x331] 8 [EE FF 00 00 00 00 01 80]
8005 [0x4B1] 8 [02 08 0D 00 01 06 00 00]
8009 [0x452] 8 [00 00 00 00 00 00 00 00]
8012 [0x002] 8 [FF F8 70 0D 74 00 00 00]
8016 [0x351] 8 [00 00 00 00 00 10 21 00]
8019 [0x705] 8 [47 4B 42 09 0D 00 44 08]
8024 [0x334] 8 [00 00 00 00 00 00 00 00]
8027 [0x706] 8 [49 00 00 00 00 00 FE 00]
8031 [0x232] 8 [D2 28 2E 27 48 13 A7 00]
8034 [0x002] 8 [FF F8 70 01 68 00 00 00]
8038 [0x351] 8 [00 00 00 00 00 10 23 00]
8041 [0x431] 8 [00 00 00 00 00 42 02 00]
8045 [0x4B1] 8 [02 08 01 00 01 06 00 00]
8048 [0x232] 8 [D2 28 2E 27 48 13 A7 00]
8052 [0x351] 8 [00 00 00 00 00 10 2B 00]
8055 [0x002] 8 [FF F8 70 05 6C 00 00 00]
8059 [0x431] 8 [00 00 00 00 00 42 02 00]
8062 [0x334] 8 [00 00 00 00 00 00 00 00]
8067 [0x002] 8 [FF F8 70 07 6E 00 00 00]
8070 [0x232] 8 [D0 28 2E 27 48 13 A7 00]
8073 [0x002] 8 [FF F8 70 09 70 00 00 00]
8077 [0x351] 8 [00 00 00 00 00 10 27 00]
8080 [0x706] 8 [49 00 00 00 00 00 FE 00]
8084 [0x334] 8 [00 00 00 00 00 00 00 00]
8087 [0x231] 8 [54 08 1F 1F 1F D1 28 60]
8091 [0x232] 8 [D2 28 2E 27 48 13 A7 00]
8094 [0x002] 8 [FF F8 70 0D 74 00 00 00]
8098 [0x235] 8 [00 07 0E 05 03 28 80 00]
8101 [0x332] 8 [00 00 FF FF 00 00 00 00]
8105 [0x4B1] 8 [02 08 07 00 01 06 00 00]
8109 [0x452] 8 [00 00 00 00 00 00 00 00]
8113 [0x002] 8 [FF F8 70 01 68 00 00 00]
8116 [0x351] 8 [00 00 00 00 00 10 2B 00]
8120 [0x705] 8 [47 49 42 1C 0D 00 4A 08]
8123 [0x334] 8 [00 00 00 00 00 00 00 00]
8127 [0x002] 8 [FF F8 70 03 6A 00 00 00]
8130 [0x232] 8 [CF 28 2E 27 48 13 A7 00]
8134 [0x002] 8 [FF F8 70 05 6C 00 00 00]
8137 [0x231] 8 [57 08 1F 1F 1F D0 28 60]
8141 [0x291] 8 [00 04 3A 26 00 00 0B 00]
8144 [0x4B1] 8 [02 08 0B 00 01 06 00 00]
8148 [0x232] 8 [CF 28 2E 27 48 13 A7 00]
8152 [0x351] 8 [00 00 00 00 00 10 25 00]
8156 [0x002] 8 [FF F8 70 09 70 00 00 00]
8159 [0x432] 8 [81 11 FA 00 1E 8D FA 3E]
8163 [0x334] 8 [00 00 00 00 00 00 00 00]
8166 [0x002] 8 [FF F8 70 0B 72 00 00 00]
8170 [0x232] 8 [D1 28 2D 27 48 13 A7 00]
8173 [0x002] 8 [FF F8 70 0D 74 00 00 00]
8177 [0x351] 8 [00 00 00 00 00 10 21 00]
8180 [0x706] 8 [49 00 00 00 00 00 FE 00]
8184 [0x4B1] 8 [02 08 0F 00 01 06 00 00]
8187 [0x231] 8 [47 08 1E 1E 1E C2 28 60]
8192 [0x232] 8 [C3 28 2B 27 48 13 A7 00]
8195 [0x002] 8 [FF F8 70 01 68 00 00 00]
8199 [0x352] 8 [00 00 00 00 01 00 00 00]
8202 [0x333] 8 [00 00 00 00 83 06 D0 0F]
8205 [0x002] 8 [FF F8 70 03 6A 00 00 00]
8209 [0x452] 8 [00 00 00 00 00 00 00 00]
8212 [0x002] 8 [FF F8 70 05 6C 00 00 00]
8216 [0x351] 8 [00 00 00 00 00 10 25 00]
8219 [0x705] 8 [47 49 42 ED 0C 00 50 08]
8223 [0x334] 8 [00 00 00 00 00 00 00 00]
8226 [0x706] 8 [49 00 00 00 00 00 FE 00]
8230 [0x232] 8 [B3 28 29 27 48 12 A7 00]
8233 [0x002] 8 [FF F8 70 09 70 00 00 00]
8238 [0x231] 8 [4A 08 1D 1D 1D B2 28 60]
8241 [0x291] 8 [00 04 3A 26 00 00 05 00]
8245 [0x4B1] 8 [02 08 05 00 01 06 00 00]
8248 [0x232] 8 [A8 28 27 27 48 12 A7 00]
8252 [0x351] 8 [00 00 00 00 00 10 2F 00]
8255 [0x002] 8 [FF F8 70 0D 74 00 00 00]
8259 [0x432] 8 [81 11 FA 00 1E 89 FA 3E]
8262 [0x334] 8 [00 00 00 00 00 00 00 00]
8266 [0x002] 8 [FF F8 70 0F 76 00 00 00]
8269 [0x232] 8 [A6 28 25 27 48 12 A7 00]
8273 [0x002] 8 [FF F8 70 01 68 00 00 00]
8276 [0x351] 8 [00 00 00 00 00 10 2B 00]
8281 [0x706] 8 [49 00 00 00 00 00 FE 00]
8284 [0x4B1] 8 [02 08 09 00 01 06 00 00]
8288 [0x232] 8 [A6 28 24 27 48 12 A7 00]
8291 [0x351] 8 [00 00 00 00 00 10 29 00]
8295 [0x002] 8 [FF F8 70 05 6C 00 00 00]
8298 [0x391] 8 [00 00 00 00 00 8F 00 00]
8302 [0x333] 8 [00 00 00 00 8D 06 D0 0F]
8305 [0x002] 8 [FF F8 70 07 6E 00 00 00]
8309 [0x452] 8 [00 00 00 00 00 00 00 00]
8312 [0x002] 8 [FF F8 70 09 70 00 00 00]
8316 [0x351] 8 [00 00 00 00 00 10 2F 00]
8320 [0x705] 8 [47 4B 42 94 0C 00 53 08]
8324 [0x334] 8 [00 00 00 00 00 00 00 00]
8327 [0x706] 8 [49 00 00 00 00 00 FE 00]
8330 [0x232] 8 [A6 28 1F 27 48 12 A7 00]
8334 [0x002] 8 [FF F8 70 0D 74 00 00 00]
8337 [0x232] 8 [98 28 1E 27 48 12 A7 00]
8341 [0x291] 8 [00 04 3A 26 00 00 0F 00]
8344 [0x4B1] 8 [02 08 0F 00 01 06 00 00]
8348 [0x232] 8 [98 28 1C 27 48 12 A7 00]
8351 [0x002] 8 [FF F8 70 01 68 00 00 00]
8355 [0x351] 8 [00 00 00 00 00 10 23 00]
8358 [0x451] 8 [64 02 00 87 1D 00 01 00]
8363 [0x334] 8 [00 00 00 00 00 00 00 00]
8366 [0x002] 8 [FF F8 70 03 6A 00 00 00]
8370 [0x232] 8 [9A 28 1C 27 48 12 A7 00]
8373 [0x002] 8 [FF F8 70 05 6C 00 00 00]
8377 [0x351] 8 [00 00 00 00 00 10 25 00]
8380 [0x706] 8 [49 00 00 00 00 00 FE 00]
8384 [0x4B1] 8 [02 08 03 00 01 06 00 00]
8387 [0x232] 8 [9A 28 1B 27 48 12 A7 00]
8391 [0x351] 8 [00 00 00 00 00 10 2D 00]
8394 [0x002] 8 [FF F8 70 09 70 00 00 00]
8398 [0x352] 8 [00 00 00 00 01 00 00 00]
8401 [0x334] 8 [00 00 00 00 00 00 00 00]
8406 [0x002] 8 [FF F8 70 0B 72 00 00 00]
8409 [0x452] 8 [00 00 00 00 00 00 00 00]
8413 [0x002] 8 [FF F8 70 0D 74 00 00 00]
8416 [0x351] 8 [00 00 00 00 00 10 29 00]
8420 [0x705] 8 [47 49 42 E8 0B 00 51 08]
8423 [0x334] 8 [00 00 00 00 00 00 00 00]
8427 [0x706] 8 [49 00 00 00 00 00 FE 00]
8430 [0x232] 8 [98 28 18 27 48 12 A7 00]
8434 [0x002] 8 [FF F8 70 01 68 00 00 00]
8437 [0x235] 8 [00 09 0C 05 03 28 80 00]
8441 [0x331] 8 [EE FF 00 00 00 00 01 80]
8444 [0x002] 8 [FF F8 70 03 6A 00 00 00]
8449 [0x232] 8 [9A 28 18 27 48 12 A7 00]
8452 [0x002] 8 [FF F8 70 05 6C 00 00 00]
8456 [0x351] 8 [00 00 00 00 00 10 2D 00]
8459 [0x452] 8 [00 00 00 00 00 00 00 00]
8462 [0x334] 8 [00 00 00 00 00 00 00 00]
8466 [0x002] 8 [FF F8 70 07 6E 00 00 00]
8469 [0x232] 8 [9A 28 16 27 48 12 A7 00]
8473 [0x002] 8 [FF F8 70 09 70 00 00 00]
8476 [0x351] 8 [00 00 00 00 00 10 2F 00]
8480 [0x706] 8 [49 00 00 00 00 00 FE 00]
8483 [0x4B1] 8 [02 08 0D 00 01 06 00 00]
8487 [0x232] 8 [99 28 16 27 48 12 A7 00]
8491 [0x391] 8 [00 00 00 00 00 89 00 00]
8495 [0x002] 8 [FF F8 70 0D 74 00 00 00]
8498 [0x431] 8 [00 00 00 00 00 42 02 00]
8502 [0x334] 8 [00 00 00 00 00 00 00 00]
8505 [0x002] 8 [FF F8 70 0F 76 00 00 00]
8509 [0x452] 8 [00 00 00 00 00 00 00 00]
8512 [0x002] 8 [FF F8 70 01 68 00 00 00]
8516 [0x351] 8 [00 00 00 00 00 10 23 00]
8519 [0x705] 8 [47 49 42 93 0B 00 4D 08]
8523 [0x4B1] 8 [02 08 01 00 01 06 00 00]
8526 [0x706] 8 [49 00 00 00 00 00 FE 00]
8530 [0x232] 8 [9B 28 14 27 48 12 A7 00]
8534 [0x002] 8 [FF F8 70 05 6C 00 00 00]
8538 [0x235] 8 [00 03 0C 05 03 28 80 00]
8541 [0x332] 8 [00 00 FF FF 00 00 00 00]
8545 [0x002] 8 [FF F8 70 07 6E 00 00 00]
8548 [0x232] 8 [99 28 13 27 48 12 A7 00]
8552 [0x002] 8 [FF F8 70 09 70 00 00 00]
8555 [0x351] 8 [00 00 00 00 00 10 27 00]
8559 [0x452] 8 [00 00 00 00 00 00 00 00]
8562 [0x334] 8 [00 00 00 00 00 00 00 00]
8566 [0x002] 8 [FF F8 70 0B 72 00 00 00]
8569 [0x232] 8 [9B 28 13 27 48 12 A7 00]
8573 [0x002] 8 [FF F8 70 0D 74 00 00 00]
8577 [0x351] 8 [00 00 00 00 00 10 29 00]
8581 [0x706] 8 [49 00 00 00 00 00 FE 00]
8584 [0x4B1] 8 [02 08 07 00 01 06 00 00]
8588 [0x232] 8 [9B 28 12 27 48 12 A7 00]
8591 [0x351] 8 [00 00 00 00 00 10 21 00]
8594 [0x002] 8 [FF F8 70 01 68 00 00 00]
8598 [0x431] 8 [00 00 00 00 00 42 02 00]
8601 [0x334] 8 [00 00 00 00 00 00 00 00]
8605 [0x002] 8 [FF F8 70 03 6A 00 00 00]
8608 [0x452] 8 [00 00 00 00 00 00 00 00]
8612 [0x002] 8 [FF F8 70 05 6C 00 00 00]
8615 [0x351] 8 [00 00 00 00 00 10 2D 00]
8620 [0x705] 8 [47 49 42 59 0B 00 47 08]
8623 [0x4B1] 8 [02 08 0B 00 01 06 00 00]
8627 [0x231] 8 [39 08 1C 1C 1C 99 28 60]
8630 [0x232] 8 [9A 28 11 27 48 12 A7 00]
8634 [0x002] 8 [FF F8 70 09 70 00 00 00]
8637 [0x352] 8 [00 00 00 00 01 00 00 00]
8641 [0x332] 8 [00 00 FF FF 00 00 00 00]
8644 [0x002] 8 [FF F8 70 0B 72 00 00 00]
8648 [0x232] 8 [9C 28 10 27 48 12 A7 00]
8651 [0x002] 8 [FF F8 70 0D 74 00 00 00]
8655 [0x351] 8 [00 00 00 00 00 10 21 00]
8658 [0x491] 8 [5E 6E 20 90 00 B1 B1 1B]
8663 [0x334] 8 [00 00 00 00 00 00 00 00]
8666 [0x705] 8 [47 49 42 29 0B 00 41 08]
8670 [0x232] 8 [9C 28 0F 27 48 12 A7 00]
8673 [0x002] 8 [FF F8 70 01 68 00 00 00]
8677 [0x231] 8 [47 08 1C 1C 1C 9B 28 60]
8680 [0x291] 8 [00 04 3A 26 00 00 01 00]
8684 [0x4B1] 8 [02 08 01 00 01 06 00 00]
8687 [0x232] 8 [9A 28 0E 27 48 12 A7 00]
8691 [0x002] 8 [FF F8 70 05 6C 00 00 00]
8694 [0x351] 8 [00 00 00 00 00 10 25 00]
8698 [0x431] 8 [00 00 00 00 00 42 02 00]
8701 [0x334] 8 [00 00 00 00 00 00 00 00]
8706 [0x002] 8 [FF F8 70 07 6E 00 00 00]
8709 [0x452] 8 [00 00 00 00 00 00 00 00]
8713 [0x002] 8 [FF F8 70 09 70 00 00 00]
8716 [0x351] 8 [00 00 00 00 00 10 27 00]
8720 [0x705] 8 [47 49 42 08 0B 00 3D 08]
8723 [0x4B1] 8 [02 08 05 00 01 06 00 00]
8726 [0x232] 8 [9C 28 0D 27 48 12 A7 00]
8730 [0x351] 8 [00 00 00 00 00 10 2B 00]
8733 [0x002] 8 [FF F8 70 0D 74 00 00 00]
8737 [0x352] 8 [00 00 00 00 01 00 00 00]
8740 [0x333] 8 [00 00 00 00 89 06 D0 0F]
8744 [0x002] 8 [FF F8 70 0F 76 00 00 00]
8748 [0x232] 8 [9B 28 0C 27 48 12 A7 00]
8752 [0x002] 8 [FF F8 70 01 68 00 00 00]
8755 [0x351] 8 [00 00 00 00 00 10 2B 00]
8759 [0x491] 8 [5E 6E 20 90 00 B1 B1 1B]
8762 [0x334] 8 [00 00 00 00 00 00 00 00]
8766 [0x002] 8 [FF F8 70 03 6A 00 00 00]
8769 [0x232] 8 [9B 28 0C 27 48 12 A7 00]
8773 [0x002] 8 [FF F8 70 05 6C 00 00 00]
8776 [0x232] 8 [9D 28 0B 27 48 12 A7 00]
8780 [0x291] 8 [00 04 3A 26 00 00 0B 00]
8783 [0x002] 8 [FF F8 70 07 6E 00 00 00]
8787 [0x232] 8 [9D 28 0B 27 48 12 A7 00]
8791 [0x002] 8 [FF F8 70 09 70 00 00 00]
8795 [0x351] 8 [00 00 00 00 00 10 2F 00]
8798 [0x431] 8 [00 00 00 00 00 42 02 00]
8802 [0x334] 8 [00 00 00 00 00 00 00 00]
8805 [0x002] 8 [FF F8 70 0B 72 00 00 00]
8809 [0x452] 8 [00 00 00 00 00 00 00 00]
8812 [0x002] 8 [FF F8 70 0D 74 00 00 00]
8816 [0x351] 8 [00 00 00 00 00 10 21 00]
8819 [0x705] 8 [47 49 42 F3 0A 00 34 08]
8823 [0x4B1] 8 [02 08 0F 00 01 06 00 00]
8826 [0x232] 8 [9C 28 0B 27 48 12 A7 00]
8830 [0x351] 8 [00 00 00 00 00 10 29 00]
8834 [0x002] 8 [FF F8 70 01 68 00 00 00]
8838 [0x391] 8 [00 00 00 00 00 85 00 00]
8841 [0x334] 8 [00 00 00 00 00 00 00 00]
8845 [0x002] 8 [FF F8 70 03 6A 00 00 00]
8848 [0x232] 8 [9E 28 0B 27 48 12 A7 00]
8852 [0x002] 8 [FF F8 70 05 6C 00 00 00]
8855 [0x351] 8 [00 00 00 00 00 10 25 00]
8858 [0x491] 8 [5E 6E 20 90 00 B1 B1 1B]
8862 [0x334] 8 [00 00 00 00 00 00 00 00]
8865 [0x705] 8 [47 49 42 D7 0A 00 2D 08]
8869 [0x232] 8 [9E 28 0B 27 48 12 A7 00]
8872 [0x002] 8 [FF F8 70 09 70 00 00 00]
8877 [0x231] 8 [2F 08 1C 1C 1C 9D 28 60]
8880 [0x331] 8 [EE FF 00 00 00 00 01 80]
8884 [0x002] 8 [FF F8 70 0B 72 00 00 00]
8887 [0x232] 8 [9D 28 0B 27 48 12 A7 00]
8891 [0x002] 8 [FF F8 70 0D 74 00 00 00]
8894 [0x351] 8 [00 00 00 00 00 10 29 00]
8898 [0x431] 8 [00 00 00 00 00 42 02 00]
8901 [0x334] 8 [00 00 00 00 00 00 00 00]
8905 [0x491] 8 [5E 6E 20 90 00 B1 B1 1B]
8908 [0x452] 8 [00 00 00 00 00 00 00 00]
8912 [0x002] 8 [FF F8 70 01 68 00 00 00]
8915 [0x351] 8 [00 00 00 00 00 10 2B 00]
8920 [0x705] 8 [47 49 42 DD 0A 00 26 08]
8923 [0x4B1] 8 [02 08 09 00 01 06 00 00]
8927 [0x232] 8 [9F 28 0C 27 48 12 A7 00]
8930 [0x351] 8 [00 00 00 00 00 10 23 00]
8934 [0x002] 8 [FF F8 70 05 6C 00 00 00]
8937 [0x431] 8 [00 00 00 00 00 42 02 00]
8941 [0x334] 8 [00 00 00 00 00 00 00 00]
8944 [0x002] 8 [FF F8 70 07 6E 00 00 00]
8948 [0x232] 8 [9D 28 0D 27 48 12 A7 00]
8951 [0x002] 8 [FF F8 70 09 70 00 00 00]
8955 [0x351] 8 [00 00 00 00 00 10 2F 00]
8958 [0x491] 8 [5E 6E 20 90 00 B1 B1 1B]
8963 [0x4B1] 8 [02 08 0D 00 01 06 00 00]
8966 [0x705] 8 [47 49 42 F9 0A 00 1F 08]
8970 [0x232] 8 [9F 28 0E 27 48 12 A7 00]
8973 [0x002] 8 [FF F8 70 0D 74 00 00 00]
8977 [0x235] 8 [00 0F 0C 05 03 28 80 00]
8980 [0x332] 8 [00 00 FF FF 00 00 00 00]
8983 [0x002] 8 [FF F8 70 0F 76 00 00 00]
8987 [0x232] 8 [A0 28 0E 27 48 12 A7 00]
8990 [0x002] 8 [FF F8 70 01 68 00 00 00]
8994 [0x351] 8 [00 00 00 00 00 10 23 00]
8997 [0x431] 8 [00 00 00 00 00 42 02 00]
9001 [0x334] 8 [00 00 00 00 00 00 00 00]
9005 [0x002] 8 [FF F8 70 03 6A 00 00 00]
9009 [0x452] 8 [00 00 00 00 00 00 00 00]
9012 [0x002] 8 [FF F8 70 05 6C 00 00 00]
9016 [0x351] 8 [00 00 00 00 00 10 25 00]
9019 [0x705] 8 [47 49 42 05 0B 00 1A 08]
9023 [0x4B1] 8 [02 08 03 00 01 06 00 00]
9026 [0x232] 8 [9E 28 0E 27 48 12 A7 00]
9030 [0x002] 8 [FF F8 70 09 70 00 00 00]
9033 [0x351] 8 [00 00 00 00 00 10 27 00]
9037 [0x431] 8 [00 00 00 00 00 42 02 00]
9040 [0x334] 8 [00 00 00 00 00 00 00 00]
9044 [0x002] 8 [FF F8 70 0B 72 00 00 00]
9048 [0x232] 8 [A0 28 0E 27 48 12 A7 00]
9052 [0x002] 8 [FF F8 70 0D 74 00 00 00]
9055 [0x351] 8 [00 00 00 00 00 10 29 00]
9059 [0x491] 8 [5E 6E 20 90 00 B1 B1 1B]
9062 [0x4B1] 8 [02 08 07 00 01 06 00 00]
9066 [0x231] 8 [08 08 1C 1C 1C A0 28 60]
9069 [0x232] 8 [A1 28 0E 27 48 12 A7 00]
9073 [0x002] 8 [FF F8 70 01 68 00 00 00]
9076 [0x352] 8 [00 00 00 00 01 00 00 00]
9080 [0x332] 8 [00 00 FF FF 00 00 00 00]
9083 [0x002] 8 [FF F8 70 03 6A 00 00 00]
9088 [0x232] 8 [9F 28 0F 27 48 12 A7 00]
9091 [0x002] 8 [FF F8 70 05 6C 00 00 00]
9095 [0x351] 8 [00 00 00 00 00 10 2D 00]
9098 [0x431] 8 [00 00 00 00 00 42 02 00]
9102 [0x334] 8 [00 00 00 00 00 00 00 00]
9105 [0x491] 8 [5E 6E 20 90 00 B1 B1 1B]
9109 [0x452] 8 [00 00 00 00 00 00 00 00]
9112 [0x002] 8 [FF F8 70 09 70 00 00 00]
9115 [0x231] 8 [02 08 1C 1C 1C 9E 28 60]
9119 [0x705] 8 [47 4B 42 FD 0A 00 0F 08]
9122 [0x002] 8 [FF F8 70 0B 72 00 00 00]
9126 [0x232] 8 [9F 28 0F 27 48 12 A7 00]
9129 [0x002] 8 [FF F8 70 0D 74 00 00 00]
9134 [0x351] 8 [00 00 00 00 00 10 21 00]
9137 [0x431] 8 [00 00 00 00 00 42 02 00]
9141 [0x334] 8 [00 00 00 00 00 00 00 00]
9144 [0x002] 8 [FF F8 70 0F 76 00 00 00]
9148 [0x232] 8 [9F 28 0F 27 48 12 A7 00]
9151 [0x002] 8 [FF F8 70 01 68 00 00 00]
9155 [0x351] 8 [00 00 00 00 00 10 23 00]
9158 [0x491] 8 [5E 6E 20 90 00 B1 B1 1B]
9162 [0x4B1] 8 [02 08 01 00 01 06 00 00]
9165 [0x231] 8 [0F 08 1C 1C 1C A0 28 60]
9169 [0x232] 8 [A1 28 0F 27 48 12 A7 00]
9172 [0x002] 8 [FF F8 70 05 6C 00 00 00]
9177 [0x352] 8 [00 00 00 00 01 00 00 00]
9180 [0x333] 8 [00 00 00 00 85 06 D0 0F]
9184 [0x002] 8 [FF F8 70 07 6E 00 00 00]
9187 [0x232] 8 [A2 28 0F 27 48 12 A7 00]
9191 [0x002] 8 [FF F8 70 09 70 00 00 00]
9194 [0x351] 8 [00 00 00 00 00 10 27 00]
9198 [0x431] 8 [00 00 00 00 00 42 02 00]
9201 [0x4B1] 8 [02 08 05 00 01 06 00 00]
9205 [0x491] 8 [5E 6E 20 90 00 B1 B1 1B]
9208 [0x452] 8 [00 00 00 00 00 00 00 00]
9212 [0x002] 8 [FF F8 70 0D 74 00 00 00]
9216 [0x232] 8 [A0 28 0F 27 48 12 A7 00]
9220 [0x291] 8 [00 04 3A 26 00 00 07 00]
9223 [0x002] 8 [FF F8 70 0F 76 00 00 00]
9227 [0x232] 8 [A0 28 10 27 48 12 A7 00]
9230 [0x002] 8 [FF F8 70 01 68 00 00 00]
9234 [0x351] 8 [00 00 00 00 00 10 2B 00]
9237 [0x431] 8 [00 00 00 00 00 42 02 00]
9241 [0x334] 8 [00 00 00 00 00 00 00 00]
9244 [0x002] 8 [FF F8 70 03 6A 00 00 00]
9247 [0x232] 8 [A2 28 10 27 48 12 A7 00]
9251 [0x002] 8 [FF F8 70 05 6C 00 00 00]
9254 [0x351] 8 [00 00 00 00 00 10 2D 00]
9259 [0x491] 8 [5E 6E 20 90 00 B1 B1 1B]
9262 [0x4B1] 8 [02 08 0B 00 01 06 00 00]
9266 [0x232] 8 [A1 28 10 27 48 11 A7 00]
9269 [0x351] 8 [00 00 00 00 00 10 2D 00]
9273 [0x002] 8 [FF F8 70 09 70 00 00 00]
9276 [0x391] 8 [00 00 00 00 00 81 00 00]
9280 [0x333] 8 [00 00 00 00 8F 06 D0 0F]
9283 [0x002] 8 [FF F8 70 0B 72 00 00 00]
9287 [0x232] 8 [A2 28 11 27 48 11 A7 00]
9290 [0x002] 8 [FF F8 70 0D 74 00 00 00]
9294 [0x351] 8 [00 00 00 00 00 10 21 00]
9297 [0x431] 8 [00 00 00 00 00 42 02 00]
9302 [0x4B1] 8 [02 08 0F 00 01 06 00 00]
9305 [0x491] 8 [5E 6E 20 90 00 B1 B1 1B]
9309 [0x452] 8 [00 00 00 00 00 00 00 00]
9312 [0x002] 8 [FF F8 70 01 68 00 00 00]
9316 [0x232] 8 [A1 28 11 27 48 11 A7 00]
9319 [0x291] 8 [00 04 3A 26 00 00 01 00]
9323 [0x002] 8 [FF F8 70 03 6A 00 00 00]
9326 [0x232] 8 [A1 28 11 27 48 11 A7 00]
9330 [0x002] 8 [FF F8 70 05 6C 00 00 00]
9333 [0x351] 8 [00 00 00 00 00 10 25 00]
9337 [0x431] 8 [00 00 00 00 00 42 02 00]
9340 [0x334] 8 [00 00 00 00 00 00 00 00]
9345 [0x002] 8 [FF F8 70 07 6E 00 00 00]
9348 [0x232] 8 [A2 28 11 27 48 11 A7 00]
9352 [0x002] 8 [FF F8 70 09 70 00 00 00]
9355 [0x351] 8 [00 00 00 00 00 10 27 00]
9359 [0x491] 8 [5E 6E 20 90 00 B1 B1 1B]
9362 [0x4B1] 8 [02 08 05 00 01 06 00 00]
9366 [0x232] 8 [A3 28 10 27 48 11 A7 00]
9369 [0x002] 8 [FF F8 70 0D 74 00 00 00]
9373 [0x351] 8 [00 00 00 00 00 10 29 00]
9376 [0x431] 8 [00 00 00 00 00 42 02 00]
9379 [0x334] 8 [00 00 00 00 00 00 00 00]
9383 [0x002] 8 [FF F8 70 0F 76 00 00 00]
9387 [0x232] 8 [A2 28 0F 27 48 11 A7 00]
9391 [0x002] 8 [FF F8 70 01 68 00 00 00]
9394 [0x351] 8 [00 00 00 00 00 10 2B 00]
9398 [0x431] 8 [00 00 00 00 00 42 02 00]
9401 [0x4B1] 8 [02 08 09 00 01 06 00 00]
9405 [0x432] 8 [81 11 FA 00 1E 89 FA 3E]
9408 [0x452] 8 [00 00 00 00 00 00 00 00]
9412 [0x002] 8 [FF F8 70 05 6C 00 00 00]
9415 [0x235] 8 [00 0B 0C 05 03 28 80 00]
9419 [0x331] 8 [EE FF 00 00 00 00 01 80]
9422 [0x002] 8 [FF F8 70 07 6E 00 00 00]
9426 [0x232] 8 [A4 28 0F 27 48 11 A7 00]
9430 [0x002] 8 [FF F8 70 09 70 00 00 00]
9434 [0x351] 8 [00 00 00 00 00 10 2F 00]
9437 [0x431] 8 [00 00 00 00 00 42 02 00]
9441 [0x334] 8 [00 00 00 00 00 00 00 00]
9444 [0x002] 8 [FF F8 70 0B 72 00 00 00]
9448 [0x232] 8 [A2 28 0F 27 48 11 A7 00]
9451 [0x002] 8 [FF F8 70 0D 74 00 00 00]
9455 [0x351] 8 [00 00 00 00 00 10 21 00]
9458 [0x491] 8 [5E 6E 20 90 00 B1 B1 1B]
9462 [0x002] 8 [FF F8 70 0F 76 00 00 00]
9465 [0x232] 8 [A3 28 0F 27 48 11 A7 00]
9469 [0x002] 8 [FF F8 70 01 68 00 00 00]
9473 [0x351] 8 [00 00 00 00 00 10 23 00]
9477 [0x431] 8 [00 00 00 00 00 42 02 00]
9480 [0x334] 8 [00 00 00 00 00 00 00 00]
9484 [0x002] 8 [FF F8 70 03 6A 00 00 00]
9487 [0x232] 8 [A5 28 0F 27 48 11 A7 00]
9491 [0x002] 8 [FF F8 70 05 6C 00 00 00]
9494 [0x351] 8 [00 00 00 00 00 10 25 00]
9498 [0x431] 8 [00 00 00 00 00 42 02 00]
9501 [0x4B1] 8 [02 08 03 00 01 06 00 00]
9504 [0x432] 8 [81 11 FA 00 1E 8D FA 3E]
9508 [0x452] 8 [00 00 00 00 00 00 00 00]
9511 [0x002] 8 [FF F8 70 09 70 00 00 00]
9516 [0x235] 8 [00 05 0C 05 03 28 80 00]
9519 [0x331] 8 [EE FF 00 00 00 00 01 80]
9523 [0x002] 8 [FF F8 70 0B 72 00 00 00]
9526 [0x232] 8 [A3 28 0F 27 48 11 A7 00]
9530 [0x002] 8 [FF F8 70 0D 74 00 00 00]
9533 [0x351] 8 [00 00 00 00 00 10 29 00]
9537 [0x431] 8 [00 00 00 00 00 42 02 00]
9540 [0x4B1] 8 [02 08 07 00 01 06 00 00]
9544 [0x002] 8 [FF F8 70 0F 76 00 00 00]
9547 [0x232] 8 [A6 28 0E 27 48 11 A7 00]
9551 [0x002] 8 [FF F8 70 01 68 00 00 00]
9554 [0x231] 8 [C4 07 1C 1C 1C A4 28 60]
9559 [0x491] 8 [5E 6E 20 90 00 B1 B1 1B]
9562 [0x002] 8 [FF F8 70 03 6A 00 00 00]
9566 [0x232] 8 [A6 28 0E 27 48 11 A7 00]
9569 [0x002] 8 [FF F8 70 05 6C 00 00 00]
9573 [0x351] 8 [00 00 00 00 00 10 2D 00]
9576 [0x706] 8 [49 00 00 00 00 00 FE 00]
9580 [0x334] 8 [00 00 00 00 00 00 00 00]
9583 [0x002] 8 [FF F8 70 07 6E 00 00 00]
9587 [0x232] 8 [A6 28 0E 27 48 11 A7 00]
9590 [0x002] 8 [FF F8 70 09 70 00 00 00]
9594 [0x351] 8 [00 00 00 00 00 10 2F 00]
9597 [0x431] 8 [00 00 00 00 00 42 02 00]
9602 [0x4B1] 8 [02 08 0D 00 01 06 00 00]
9605 [0x231] 8 [D4 07 1C 1C 1C A6 28 60]
9609 [0x452] 8 [00 00 00 00 00 00 00 00]
9612 [0x002] 8 [FF F8 70 0D 74 00 00 00]
9616 [0x352] 8 [00 00 00 00 01 00 00 00]
9619 [0x332] 8 [00 00 FF FF 00 00 00 00]
9623 [0x002] 8 [FF F8 70 0F 76 00 00 00]
9626 [0x232] 8 [A8 28 0F 27 48 11 A7 00]
9630 [0x002] 8 [FF F8 70 01 68 00 00 00]
9633 [0x351] 8 [00 00 00 00 00 10 23 00]
9636 [0x431] 8 [00 00 00 00 00 42 02 00]
9640 [0x4B1] 8 [02 08 01 00 01 06 00 00]
9644 [0x002] 8 [FF F8 70 03 6A 00 00 00]
9648 [0x232] 8 [A6 28 0F 27 48 11 A7 00]
9651 [0x002] 8 [FF F8 70 05 6C 00 00 00]
9655 [0x231] 8 [BF 07 1C 1C 1C A7 28 60]
9658 [0x491] 8 [5E 6E 20 90 00 B1 B1 1B]
9662 [0x002] 8 [FF F8 70 07 6E 00 00 00]
9665 [0x232] 8 [A8 28 0F 27 48 11 A7 00]
9669 [0x002] 8 [FF F8 70 09 70 00 00 00]
9672 [0x351] 8 [00 00 00 00 00 10 27 00]
9676 [0x706] 8 [49 00 00 00 00 00 FE 00]
9679 [0x334] 8 [00 00 00 00 00 00 00 00]
9683 [0x002] 8 [FF F8 70 0B 72 00 00 00]
9687 [0x232] 8 [A6 28 0F 27 48 11 A7 00]
9691 [0x002] 8 [FF F8 70 0D 74 00 00 00]
9694 [0x351] 8 [00 00 00 00 00 10 29 00]
9698 [0x431] 8 [00 00 00 00 00 42 02 00]
9701 [0x4B1] 8 [02 08 07 00 01 06 00 00]
9705 [0x232] 8 [A7 28 0F 27 48 11 A7 00]
9708 [0x452] 8 [00 00 00 00 00 00 00 00]
9712 [0x002] 8 [FF F8 70 01 68 00 00 00]
9715 [0x391] 8 [00 00 00 00 00 8D 00 00]
9719 [0x332] 8 [00 00 FF FF 00 00 00 00]
9722 [0x002] 8 [FF F8 70 03 6A 00 00 00]
9726 [0x232] 8 [A8 28 10 27 48 11 A7 00]
9730 [0x002] 8 [FF F8 70 05 6C 00 00 00]
9734 [0x351] 8 [00 00 00 00 00 10 2D 00]
9737 [0x431] 8 [00 00 00 00 00 42 02 00]
9741 [0x4B1] 8 [02 08 0B 00 01 06 00 00]
9744 [0x002] 8 [FF F8 70 07 6E 00 00 00]
9748 [0x232] 8 [A8 28 11 27 48 11 A7 00]
9751 [0x002] 8 [FF F8 70 09 70 00 00 00]
9755 [0x232] 8 [AA 28 11 27 48 11 A7 00]
9758 [0x331] 8 [EE FF 00 00 00 00 01 80]
9762 [0x002] 8 [FF F8 70 0B 72 00 00 00]
9765 [0x232] 8 [A9 28 11 27 48 11 A7 00]
9768 [0x002] 8 [FF F8 70 0D 74 00 00 00]
9773 [0x351] 8 [00 00 00 00 00 10 21 00]
9776 [0x706] 8 [49 00 00 00 00 00 FE 00]
9780 [0x334] 8 [00 00 00 00 00 00 00 00]
9783 [0x002] 8 [FF F8 70 0F 76 00 00 00]
9787 [0x232] 8 [AA 28 11 27 48 11 A7 00]
9790 [0x002] 8 [FF F8 70 01 68 00 00 00]
9794 [0x351] 8 [00 00 00 00 00 10 23 00]
9797 [0x431] 8 [00 00 00 00 00 42 02 00]
9801 [0x002] 8 [FF F8 70 03 6A 00 00 00]
9804 [0x232] 8 [A9 28 11 27 48 11 A7 00]
9808 [0x452] 8 [00 00 00 00 00 00 00 00]
9811 [0x002] 8 [FF F8 70 05 6C 00 00 00]
9816 [0x391] 8 [00 00 00 00 00 87 00 00]
9819 [0x333] 8 [00 00 00 00 85 06 D0 0F]
9823 [0x002] 8 [FF F8 70 07 6E 00 00 00]
9826 [0x232] 8 [A9 28 11 27 48 11 A7 00]
9830 [0x002] 8 [FF F8 70 09 70 00 00 00]
9833 [0x351] 8 [00 00 00 00 00 10 27 00]
9837 [0x431] 8 [00 00 00 00 00 42 02 00]
9840 [0x4B1] 8 [02 08 05 00 01 06 00 00]
9844 [0x002] 8 [FF F8 70 0B 72 00 00 00]
9847 [0x232] 8 [AB 28 12 27 48 11 A7 00]
9851 [0x002] 8 [FF F8 70 0D 74 00 00 00]
9854 [0x235] 8 [00 07 0C 05 03 28 80 00]
9859 [0x331] 8 [EE FF 00 00 00 00 01 80]
9862 [0x002] 8 [FF F8 70 0F 76 00 00 00]
9866 [0x232] 8 [A9 28 12 27 48 11 A7 00]
9869 [0x002] 8 [FF F8 70 01 68 00 00 00]
9873 [0x351] 8 [00 00 00 00 00 10 2B 00]
9876 [0x706] 8 [49 00 00 00 00 00 FE 00]
9880 [0x4B1] 8 [02 08 09 00 01 06 00 00]
9883 [0x002] 8 [FF F8 70 03 6A 00 00 00]
9887 [0x232] 8 [AB 28 13 27 48 11 A7 00]
9890 [0x002] 8 [FF F8 70 05 6C 00 00 00]
9894 [0x351] 8 [00 00 00 00 00 10 2D 00]
9897 [0x431] 8 [00 00 00 00 00 42 02 00]
9901 [0x002] 8 [FF F8 70 07 6E 00 00 00]
9905 [0x451] 8 [3B 02 00 87 1B 00 01 00]
9908 [0x452] 8 [00 00 00 00 00 00 00 00]
9912 [0x002] 8 [FF F8 70 09 70 00 00 00]
9915 [0x431] 8 [00 00 00 00 00 42 02 00]
9919 [0x334] 8 [00 00 00 00 00 00 00 00]
9922 [0x002] 8 [FF F8 70 0B 72 00 00 00]
9926 [0x232] 8 [A9 28 14 27 48 11 A7 00]
9929 [0x002] 8 [FF F8 70 0D 74 00 00 00]
9933 [0x351] 8 [00 00 00 00 00 10 21 00]
9936 [0x431] 8 [00 00 00 00 00 42 02 00]
9940 [0x4B1] 8 [02 08 0F 00 01 06 00 00]
9944 [0x231] 8 [AD 07 1C 1C 1C A8 28 60]
9948 [0x232] 8 [A9 28 15 27 48 11 A7 00]
9951 [0x002] 8 [FF F8 70 01 68 00 00 00]
9955 [0x235] 8 [00 01 0D 05 03 28 80 00]
9958 [0x291] 8 [00 04 3A 26 00 00 01 00]
9962 [0x002] 8 [FF F8 70 03 6A 00 00 00]
9965 [0x232] 8 [AB 28 16 27 48 11 A7 00]
9969 [0x002] 8 [FF F8 70 05 6C 00 00 00]
9972 [0x351] 8 [00 00 00 00 00 10 25 00]
9976 [0x706] 8 [49 00 00 00 00 00 FE 00]
9979 [0x4B1] 8 [02 08 03 00 01 06 00 00]
9984 [0x002] 8 [FF F8 70 07 6E 00 00 00]
9987 [0x232] 8 [AA 28 17 27 48 11 A7 00]
9991 [0x002] 8 [FF F8 70 09 70 00 00 00]
9994 [0x231] 8 [9B 07 1C 1C 1C AA 28 60]
9998 [0x431] 8 [00 00 00 00 00 42 02 00]
10001 [0x002] 8 [FF F8 70 0B 72 00 00 00]
10005 [0x452] 8 [00 00 00 00 00 00 00 00]
10008 [0x002] 8 [FF F8 70 0D 74 00 00 00]
10012 [0x351] 8 [00 00 00 00 00 10 29 00]
10015 [0x705] 8 [47 49 42 3D 0B 00 A2 07]
10019 [0x4B1] 8 [02 08 07 00 01 06 00 00]
10023 [0x002] 8 [FF F8 70 0F 76 00 00 00]
10027 [0x232] 8 [AB 28 17 27 48 11 A7 00]
10031 [0x002] 8 [FF F8 70 01 68 00 00 00]
10034 [0x231] 8 [A9 07 1C 1C 1C AA 28 60]
10038 [0x431] 8 [00 00 00 00 00 42 02 00]
10041 [0x002] 8 [FF F8 70 03 6A 00 00 00]
10045 [0x232] 8 [AA 28 17 27 48 11 A7 00]
10048 [0x002] 8 [FF F8 70 05 6C 00 00 00]
10052 [0x351] 8 [00 00 00 00 00 10 2D 00]
10056 [0x452] 8 [00 00 00 00 00 00 00 00]
10059 [0x4B1] 8 [02 08 0B 00 01 06 00 00]
10063 [0x705] 8 [47 49 42 55 0B 00 A0 07]
10066 [0x232] 8 [AC 28 18 27 48 11 A7 00]
10071 [0x002] 8 [FF F8 70 09 70 00 00 00]
10074 [0x232] 8 [AA 28 18 27 48 11 A7 00]
10078 [0x331] 8 [EE FF 00 00 00 00 01 80]
10082 [0x002] 8 [FF F8 70 0B 72 00 00 00]
10085 [0x232] 8 [AA 28 19 27 48 11 A7 00]
10089 [0x002] 8 [FF F8 70 0D 74 00 00 00]
10092 [0x351] 8 [00 00 00 00 00 10 21 00]
10096 [0x431] 8 [00 00 00 00 00 42 02 00]
10099 [0x4B1] 8 [02 08 0F 00 01 06 00 00]
10103 [0x491] 8 [5E 6E 20 90 00 B1 B1 1B]
10107 [0x452] 8 [00 00 00 00 00 00 00 00]
10110 [0x002] 8 [FF F8 70 01 68 00 00 00]
10115 [0x235] 8 [00 01 0D 05 03 28 80 00]
10118 [0x291] 8 [00 04 3A 26 00 00 01 00]
10122 [0x002] 8 [FF F8 70 03 6A 00 00 00]
10125 [0x232] 8 [B3 28 1A 27 48 11 A7 00]
10129 [0x002] 8 [FF F8 70 05 6C 00 00 00]
10133 [0x351] 8 [00 00 00 00 00 10 25 00]
10136 [0x431] 8 [00 00 00 00 00 42 02 00]
10140 [0x4B1] 8 [02 08 03 00 01 06 00 00]
10143 [0x002] 8 [FF F8 70 07 6E 00 00 00]
10147 [0x232] 8 [B3 28 1B 27 48 11 A7 00]
10150 [0x002] 8 [FF F8 70 09 70 00 00 00]
10155 [0x352] 8 [00 00 00 00 01 00 00 00]
10159 [0x332] 8 [00 00 FF FF 00 00 00 00]
10162 [0x002] 8 [FF F8 70 0B 72 00 00 00]
10166 [0x232] 8 [B2 28 1B 27 48 12 A7 00]
10169 [0x002] 8 [FF F8 70 0D 74 00 00 00]
10173 [0x351] 8 [00 00 00 00 00 10 29 00]
10176 [0x706] 8 [49 00 00 00 00 00 FE 00]
10180 [0x4B1] 8 [02 08 07 00 01 06 00 00]
10184 [0x232] 8 [C2 28 1A 27 48 12 A7 00]
10187 [0x002] 8 [FF F8 70 01 68 00 00 00]
10191 [0x351] 8 [00 00 00 00 00 10 2B 00]
10194 [0x391] 8 [00 00 00 00 00 8D 00 00]
10199 [0x333] 8 [00 00 00 00 8B 06 D0 0F]
10202 [0x002] 8 [FF F8 70 03 6A 00 00 00]
10206 [0x452] 8 [00 00 00 00 00 00 00 00]
10210 [0x002] 8 [FF F8 70 05 6C 00 00 00]
10213 [0x351] 8 [00 00 00 00 00 10 2D 00]
10217 [0x705] 8 [47 49 42 78 0B 00 99 07]
10220 [0x002] 8 [FF F8 70 07 6E 00 00 00]
10224 [0x232] 8 [C0 28 1B 27 48 12 A7 00]
10227 [0x002] 8 [FF F8 70 09 70 00 00 00]
10231 [0x351] 8 [00 00 00 00 00 10 2F 00]
10235 [0x431] 8 [00 00 00 00 00 42 02 00]
10238 [0x334] 8 [00 00 00 00 00 00 00 00]
10243 [0x002] 8 [FF F8 70 0B 72 00 00 00]
10246 [0x232] 8 [D0 28 1C 27 48 12 A7 00]
10250 [0x002] 8 [FF F8 70 0D 74 00 00 00]
10253 [0x351] 8 [00 00 00 00 00 10 21 00]
10257 [0x491] 8 [5E 6E 20 90 00 B1 B1 1B]
10261 [0x002] 8 [FF F8 70 0F 76 00 00 00]
10264 [0x232] 8 [CF 28 1D 27 48 12 A7 00]
10268 [0x002] 8 [FF F8 70 01 68 00 00 00]
10271 [0x351] 8 [00 00 00 00 00 10 23 00]
10275 [0x706] 8 [49 00 00 00 00 00 FE 00]
10278 [0x4B1] 8 [02 08 01 00 01 06 00 00]
10283 [0x002] 8 [FF F8 70 03 6A 00 00 00]
10287 [0x232] 8 [D0 28 1E 27 48 12 A7 00]
10290 [0x002] 8 [FF F8 70 05 6C 00 00 00]
10294 [0x231] 8 [8F 07 1E 1E 1E CE 28 60]
10297 [0x431] 8 [00 00 00 00 00 42 02 00]
10301 [0x002] 8 [FF F8 70 07 6E 00 00 00]
10304 [0x452] 8 [00 00 00 00 00 00 00 00]
10308 [0x002] 8 [FF F8 70 09 70 00 00 00]
10311 [0x351] 8 [00 00 00 00 00 10 27 00]
10315 [0x705] 8 [47 49 42 98 0B 00 97 07]
10319 [0x4B1] 8 [02 08 05 00 01 06 00 00]
10322 [0x002] 8 [FF F8 70 0B 72 00 00 00]
10327 [0x232] 8 [CF 28 1F 27 48 12 A7 00]
10330 [0x002] 8 [FF F8 70 0D 74 00 00 00]
10334 [0x232] 8 [D0 28 20 27 48 12 A7 00]
10337 [0x331] 8 [EE FF 00 00 00 00 01 80]
10341 [0x002] 8 [FF F8 70 0F 76 00 00 00]
10345 [0x232] 8 [CF 28 20 27 48 12 A7 00]
10348 [0x002] 8 [FF F8 70 01 68 00 00 00]
10352 [0x351] 8 [00 00 00 00 00 10 2B 00]
10355 [0x491] 8 [5E 6E 20 90 00 B1 B1 1B]
10359 [0x4B1] 8 [02 08 09 00 01 06 00 00]
10362 [0x002] 8 [FF F8 70 03 6A 00 00 00]
10366 [0x232] 8 [D0 28 21 27 48 12 A7 00]
10371 [0x002] 8 [FF F8 70 05 6C 00 00 00]
10374 [0x235] 8 [00 0B 0D 05 03 28 80 00]
10378 [0x291] 8 [00 04 3A 26 00 00 0B 00]
10381 [0x002] 8 [FF F8 70 07 6E 00 00 00]
10385 [0x232] 8 [CF 28 22 27 48 12 A7 00]
10388 [0x002] 8 [FF F8 70 09 70 00 00 00]
10392 [0x351] 8 [00 00 00 00 00 10 2F 00]
10396 [0x431] 8 [00 00 00 00 00 42 02 00]
10399 [0x4B1] 8 [02 08 0D 00 01 06 00 00]
10403 [0x432] 8 [81 11 FA 00 1E 8F FA 3E]
10406 [0x452] 8 [00 00 00 00 00 00 00 00]
10411 [0x002] 8 [FF F8 70 0D 74 00 00 00]
10414 [0x352] 8 [00 00 00 00 01 00 00 00]
10418 [0x332] 8 [00 00 FF FF 00 00 00 00]
10422 [0x002] 8 [FF F8 70 0F 76 00 00 00]
10425 [0x232] 8 [D0 28 23 27 48 12 A7 00]
10429 [0x002] 8 [FF F8 70 01 68 00 00 00]
10432 [0x351] 8 [00 00 00 00 00 10 23 00]
10436 [0x431] 8 [00 00 00 00 00 42 02 00]
10439 [0x002] 8 [FF F8 70 03 6A 00 00 00]
10443 [0x231] 8 [92 07 1E 1E 1E CD 28 60]
10447 [0x232] 8 [CE 28 24 27 48 12 A7 00]
10450 [0x002] 8 [FF F8 70 05 6C 00 00 00]
10455 [0x391] 8 [00 00 00 00 00 87 00 00]
10458 [0x333] 8 [00 00 00 00 85 06 D0 0F]
10462 [0x002] 8 [FF F8 70 07 6E 00 00 00]
10465 [0x232] 8 [D0 28 25 27 48 12 A7 00]
10469 [0x002] 8 [FF F8 70 09 70 00 00 00]
10473 [0x351] 8 [00 00 00 00 00 10 27 00]
10476 [0x706] 8 [49 00 00 00 00 00 FE 00]
10480 [0x002] 8 [FF F8 70 0B 72 00 00 00]
10483 [0x232] 8 [CE 28 26 27 48 12 A7 00]
10487 [0x002] 8 [FF F8 70 0D 74 00 00 00]
10490 [0x351] 8 [00 00 00 00 00 10 29 00]
10494 [0x431] 8 [00 00 00 00 00 42 02 00]
10499 [0x4B1] 8 [02 08 07 00 01 06 00 00]
10502 [0x002] 8 [FF F8 70 0F 76 00 00 00]
10506 [0x452] 8 [00 00 00 00 00 00 00 00]
10509 [0x002] 8 [FF F8 70 01 68 00 00 00]
10513 [0x351] 8 [00 00 00 00 00 10 2B 00]
10516 [0x705] 8 [47 49 42 F8 0B 00 9B 07]
10520 [0x002] 8 [FF F8 70 03 6A 00 00 00]
10524 [0x232] 8 [D0 28 27 27 48 12 A7 00]
10527 [0x002] 8 [FF F8 70 05 6C 00 00 00]
10531 [0x351] 8 [00 00 00 00 00 10 2D 00]
10534 [0x431] 8 [00 00 00 00 00 42 02 00]
10539 [0x4B1] 8 [02 08 0B 00 01 06 00 00]
10542 [0x002] 8 [FF F8 70 07 6E 00 00 00]
10546 [0x232] 8 [CE 28 29 27 48 12 A7 00]
10549 [0x002] 8 [FF F8 70 09 70 00 00 00]
10553 [0x231] 8 [A7 07 1E 1E 1E CE 28 60]
10557 [0x491] 8 [5E 6E 20 90 00 B1 B1 1B]
10560 [0x002] 8 [FF F8 70 0B 72 00 00 00]
10564 [0x232] 8 [CE 28 29 27 48 12 A7 00]
10567 [0x002] 8 [FF F8 70 0D 74 00 00 00]
10571 [0x351] 8 [00 00 00 00 00 10 21 00]
10574 [0x706] 8 [49 00 00 00 00 00 FE 00]
10578 [0x4B1] 8 [02 08 0F 00 01 06 00 00]
10583 [0x002] 8 [FF F8 70 0F 76 00 00 00]
10586 [0x232] 8 [CF 28 2A 27 48 12 A7 00]
10590 [0x002] 8 [FF F8 70 01 68 00 00 00]
10593 [0x232] 8 [CE 28 2A 27 48 12 A7 00]
10597 [0x331] 8 [EE FF 00 00 00 00 01 80]
10600 [0x002] 8 [FF F8 70 03 6A 00 00 00]
10604 [0x452] 8 [00 00 00 00 00 00 00 00]
10608 [0x002] 8 [FF F8 70 05 6C 00 00 00]
10611 [0x351] 8 [00 00 00 00 00 10 25 00]
10615 [0x705] 8 [47 49 42 52 0C 00 9F 07]
10618 [0x4B1] 8 [02 08 03 00 01 06 00 00]
10622 [0x706] 8 [49 00 00 00 00 00 FE 00]
10626 [0x232] 8 [CE 28 2B 27 48 12 A7 00]
10630 [0x002] 8 [FF F8 70 09 70 00 00 00]
10634 [0x235] 8 [00 05 0E 05 03 28 80 00]
10637 [0x332] 8 [00 00 FF FF 00 00 00 00]
10641 [0x002] 8 [FF F8 70 0B 72 00 00 00]
10644 [0x232] 8 [CF 28 2B 27 48 12 A7 00]
10648 [0x002] 8 [FF F8 70 0D 74 00 00 00]
10651 [0x351] 8 [00 00 00 00 00 10 29 00]
10655 [0x491] 8 [5E 6E 20 90 00 B1 B1 1B]
10659 [0x4B1] 8 [02 08 07 00 01 06 00 00]
10662 [0x231] 8 [9C 07 1E 1E 1E CC 28 60]
10667 [0x232] 8 [CD 28 2B 27 48 12 A7 00]
10670 [0x002] 8 [FF F8 70 01 68 00 00 00]
10674 [0x352] 8 [00 00 00 00 01 00 00 00]
10677 [0x291] 8 [00 04 3A 26 00 00 09 00]
10681 [0x002] 8 [FF F8 70 03 6A 00 00 00]
10685 [0x232] 8 [CF 28 2B 27 48 12 A7 00]
10688 [0x002] 8 [FF F8 70 05 6C 00 00 00]
10692 [0x351] 8 [00 00 00 00 00 10 2D 00]
10695 [0x431] 8 [00 00 00 00 00 42 02 00]
10699 [0x002] 8 [FF F8 70 07 6E 00 00 00]
10702 [0x231] 8 [B1 07 1E 1E 1E CE 28 60]
10706 [0x452] 8 [00 00 00 00 00 00 00 00]
10711 [0x002] 8 [FF F8 70 09 70 00 00 00]
10714 [0x391] 8 [00 00 00 00 00 81 00 00]
10718 [0x333] 8 [00 00 00 00 8F 06 D0 0F]
10721 [0x002] 8 [FF F8 70 0B 72 00 00 00]
10725 [0x232] 8 [CD 28 2B 27 48 12 A7 00]
10728 [0x002] 8 [FF F8 70 0D 74 00 00 00]
10732 [0x351] 8 [00 00 00 00 00 10 21 00]
10736 [0x431] 8 [00 00 00 00 00 42 02 00]
10739 [0x002] 8 [FF F8 70 0F 76 00 00 00]
10743 [0x232] 8 [DB 28 2B 27 48 12 A7 00]
10746 [0x002] 8 [FF F8 70 01 68 00 00 00]
10750 [0x351] 8 [00 00 00 00 00 10 23 00]
10754 [0x432] 8 [81 11 FA 00 1E 89 FA 3E]
10758 [0x4B1] 8 [02 08 01 00 01 06 00 00]
10762 [0x002] 8 [FF F8 70 03 6A 00 00 00]
10765 [0x232] 8 [DD 28 2B 27 48 12 A7 00]
10769 [0x002] 8 [FF F8 70 05 6C 00 00 00]
10772 [0x351] 8 [00 00 00 00 00 10 25 00]
10776 [0x706] 8 [49 00 00 00 00 00 FE 00]
10779 [0x002] 8 [FF F8 70 07 6E 00 00 00]
10783 [0x232] 8 [DB 28 2B 27 48 12 A7 00]
10787 [0x002] 8 [FF F8 70 09 70 00 00 00]
10790 [0x351] 8 [00 00 00 00 00 10 27 00]
10795 [0x431] 8 [00 00 00 00 00 42 02 00]
10798 [0x4B1] 8 [02 08 05 00 01 06 00 00]
10802 [0x002] 8 [FF F8 70 0B 72 00 00 00]
10805 [0x452] 8 [00 00 00 00 00 00 00 00]
10809 [0x002] 8 [FF F8 70 0D 74 00 00 00]
10812 [0x231] 8 [A4 07 1E 1E 1E D9 28 60]
10816 [0x705] 8 [47 49 42 66 0C 00 AA 07]
10820 [0x002] 8 [FF F8 70 0F 76 00 00 00]
10823 [0x232] 8 [DC 28 2A 27 48 12 A7 00]
10827 [0x002] 8 [FF F8 70 01 68 00 00 00]
10830 [0x351] 8 [00 00 00 00 00 10 2B 00]
10834 [0x431] 8 [00 00 00 00 00 42 02 00]
10838 [0x4B1] 8 [02 08 09 00 01 06 00 00]
10842 [0x002] 8 [FF F8 70 03 6A 00 00 00]
10846 [0x232] 8 [DA 28 29 27 48 12 A7 00]
10849 [0x002] 8 [FF F8 70 05 6C 00 00 00]
10853 [0x232] 8 [DC 28 29 27 48 12 A7 00]
10856 [0x331] 8 [EE FF 00 00 00 00 01 80]
10860 [0x002] 8 [FF F8 70 07 6E 00 00 00]
10863 [0x232] 8 [DC 28 28 27 48 12 A7 00]
10867 [0x002] 8 [FF F8 70 09 70 00 00 00]
10871 [0x351] 8 [00 00 00 00 00 10 2F 00]
10874 [0x706] 8 [49 00 00 00 00 00 FE 00]
10878 [0x4B1] 8 [02 08 0D 00 01 06 00 00]
10882 [0x002] 8 [FF F8 70 0B 72 00 00 00]
10886 [0x232] 8 [DA 28 28 27 48 12 A7 00]
10889 [0x002] 8 [FF F8 70 0D 74 00 00 00]
10893 [0x235] 8 [00 0F 0E 05 03 28 80 00]
10897 [0x332] 8 [00 00 FF FF 00 00 00 00]
10900 [0x002] 8 [FF F8 70 0F 76 00 00 00]
10904 [0x452] 8 [00 00 00 00 00 00 00 00]
10907 [0x002] 8 [FF F8 70 01 68 00 00 00]
10911 [0x351] 8 [00 00 00 00 00 10 23 00]
10914 [0x705] 8 [47 49 42 49 0C 00 AF 07]
10918 [0x002] 8 [FF F8 70 03 6A 00 00 00]
10923 [0x231] 8 [BB 07 1E 1E 1E DB 28 60]
10926 [0x232] 8 [DC 28 28 27 48 12 A7 00]
10930 [0x002] 8 [FF F8 70 05 6C 00 00 00]
10933 [0x352] 8 [00 00 00 00 01 00 00 00]
10937 [0x291] 8 [00 04 3A 26 00 00 03 00]
10940 [0x002] 8 [FF F8 70 07 6E 00 00 00]
10944 [0x232] 8 [DC 28 28 27 48 13 A7 00]
10948 [0x002] 8 [FF F8 70 09 70 00 00 00]
10951 [0x351] 8 [00 00 00 00 00 10 27 00]
10955 [0x491] 8 [5E 6E 20 90 00 B1 B1 1B]
10958 [0x002] 8 [FF F8 70 0B 72 00 00 00]
10962 [0x231] 8 [AE 07 1E 1E 1E D8 28 60]
10966 [0x232] 8 [DA 28 28 27 48 13 A7 00]
10970 [0x002] 8 [FF F8 70 0D 74 00 00 00]
10974 [0x391] 8 [00 00 00 00 00 8B 00 00]
10977 [0x334] 8 [00 00 00 00 00 00 00 00]
10981 [0x002] 8 [FF F8 70 0F 76 00 00 00]
10984 [0x232] 8 [DB 28 2A 27 48 13 A7 00]
10988 [0x002] 8 [FF F8 70 01 68 00 00 00]
10991 [0x351] 8 [00 00 00 00 00 10 2B 00]
10995 [0x431] 8 [00 00 00 00 00 42 02 00]
10999 [0x002] 8 [FF F8 70 03 6A 00 00 00]
11002 [0x451] 8 [76 02 00 87 1F 00 01 00]
11006 [0x452] 8 [00 00 00 00 00 00 00 00]
11010 [0x002] 8 [FF F8 70 05 6C 00 00 00]
11014 [0x705] 8 [47 49 42 5E 0C 00 B6 07]
11017 [0x4B1] 8 [02 08 0B 00 01 06 00 00]
11021 [0x002] 8 [FF F8 70 07 6E 00 00 00]
11025 [0x232] 8 [DA 28 2A 27 48 13 A7 00]
11028 [0x002] 8 [FF F8 70 09 70 00 00 00]
11032 [0x351] 8 [00 00 00 00 00 10 2F 00]
11035 [0x431] 8 [00 00 00 00 00 42 02 00]
11039 [0x002] 8 [FF F8 70 0B 72 00 00 00]
11042 [0x232] 8 [DB 28 2B 27 48 13 A7 00]
11046 [0x002] 8 [FF F8 70 0D 74 00 00 00]
11049 [0x351] 8 [00 00 00 00 00 10 21 00]
11054 [0x451] 8 [7A 02 00 87 1F 00 01 00]
11058 [0x4B1] 8 [02 08 0F 00 01 06 00 00]
11061 [0x002] 8 [FF F8 70 0F 76 00 00 00]
11065 [0x232] 8 [DB 28 2C 27 48 13 A7 00]
11068 [0x002] 8 [FF F8 70 01 68 00 00 00]
11072 [0x231] 8 [C3 07 1E 1E 1E DA 28 60]
11075 [0x706] 8 [49 00 00 00 00 00 FE 00]
11079 [0x002] 8 [FF F8 70 03 6A 00 00 00]
11083 [0x232] 8 [D9 28 2C 27 48 13 A7 00]
11086 [0x002] 8 [FF F8 70 05 6C 00 00 00]
11090 [0x351] 8 [00 00 00 00 00 10 25 00]
11094 [0x431] 8 [00 00 00 00 00 42 02 00]
11098 [0x4B1] 8 [02 08 03 00 01 06 00 00]
11101 [0x491] 8 [5E 6E 20 90 00 B1 B1 1B]
11105 [0x452] 8 [00 00 00 00 00 00 00 00]
11109 [0x002] 8 [FF F8 70 09 70 00 00 00]
11112 [0x232] 8 [D9 28 2C 27 48 13 A7 00]
11116 [0x331] 8 [EE FF 00 00 00 00 01 80]
11119 [0x002] 8 [FF F8 70 0B 72 00 00 00]
11123 [0x232] 8 [D9 28 2B 27 48 13 A7 00]
11126 [0x002] 8 [FF F8 70 0D 74 00 00 00]
11130 [0x351] 8 [00 00 00 00 00 10 29 00]
11134 [0x431] 8 [00 00 00 00 00 42 02 00]
11138 [0x4B1] 8 [02 08 07 00 01 06 00 00]
11142 [0x002] 8 [FF F8 70 0F 76 00 00 00]
11145 [0x232] 8 [D9 28 2B 27 48 13 A7 00]
11149 [0x002] 8 [FF F8 70 01 68 00 00 00]
11152 [0x235] 8 [00 09 0E 05 03 28 80 00]
11156 [0x332] 8 [00 00 FF FF 00 00 00 00]
11160 [0x002] 8 [FF F8 70 03 6A 00 00 00]
11163 [0x232] 8 [DA 28 2C 27 48 13 A7 00]
11167 [0x002] 8 [FF F8 70 05 6C 00 00 00]
11170 [0x351] 8 [00 00 00 00 00 10 2D 00]
11174 [0x706] 8 [49 00 00 00 00 00 FE 00]
11177 [0x002] 8 [FF F8 70 07 6E 00 00 00]
11182 [0x231] 8 [B7 07 1E 1E 1E D7 28 60]
11186 [0x232] 8 [D9 28 2C 27 48 13 A7 00]
11189 [0x002] 8 [FF F8 70 09 70 00 00 00]
11193 [0x352] 8 [00 00 00 00 01 00 00 00]
11196 [0x291] 8 [00 04 3A 26 00 00 0D 00]
11200 [0x002] 8 [FF F8 70 0B 72 00 00 00]
11203 [0x452] 8 [00 00 00 00 00 00 00 00]
11207 [0x002] 8 [FF F8 70 0D 74 00 00 00]
11211 [0x351] 8 [00 00 00 00 00 10 21 00]
11214 [0x705] 8 [47 4B 42 7D 0C 00 C0 07]
11218 [0x002] 8 [FF F8 70 0F 76 00 00 00]
11222 [0x232] 8 [DA 28 2C 27 48 13 A7 00]
11226 [0x002] 8 [FF F8 70 01 68 00 00 00]
11229 [0x351] 8 [00 00 00 00 00 10 23 00]
11233 [0x391] 8 [00 00 00 00 00 85 00 00]
11237 [0x334] 8 [00 00 00 00 00 00 00 00]
11240 [0x002] 8 [FF F8 70 03 6A 00 00 00]
11244 [0x232] 8 [D8 28 2C 27 48 13 A7 00]
11247 [0x002] 8 [FF F8 70 05 6C 00 00 00]
11251 [0x351] 8 [00 00 00 00 00 10 25 00]
11254 [0x491] 8 [5E 6E 20 90 00 B1 B1 1B]
11258 [0x002] 8 [FF F8 70 07 6E 00 00 00]
11262 [0x232] 8 [D8 28 2C 27 48 12 A7 00]
11266 [0x002] 8 [FF F8 70 09 70 00 00 00]
11270 [0x351] 8 [00 00 00 00 00 10 27 00]
11273 [0x706] 8 [49 00 00 00 00 00 FE 00]
11277 [0x4B1] 8 [02 08 05 00 01 06 00 00]
11280 [0x002] 8 [FF F8 70 0B 72 00 00 00]
11284 [0x232] 8 [D9 28 2C 27 48 13 A7 00]
11288 [0x002] 8 [FF F8 70 0D 74 00 00 00]
11291 [0x351] 8 [00 00 00 00 00 10 29 00]
11295 [0x431] 8 [00 00 00 00 00 42 02 00]
11298 [0x002] 8 [FF F8 70 0F 76 00 00 00]
11302 [0x452] 8 [00 00 00 00 00 00 00 00]
11305 [0x002] 8 [FF F8 70 01 68 00 00 00]
11310 [0x351] 8 [00 00 00 00 00 10 2B 00]
11313 [0x705] 8 [47 47 42 99 0C 00 C8 07]
11317 [0x4B1] 8 [02 08 09 00 01 06 00 00]
11321 [0x002] 8 [FF F8 70 03 6A 00 00 00]
11324 [0x232] 8 [D9 28 2C 27 48 12 A7 00]
11328 [0x002] 8 [FF F8 70 05 6C 00 00 00]
11331 [0x231] 8 [C5 07 1E 1E 1E D8 28 60]
11335 [0x431] 8 [00 00 00 00 00 42 02 00]
11338 [0x002] 8 [FF F8 70 07 6E 00 00 00]
11342 [0x232] 8 [D9 28 2B 27 48 12 A7 00]
11346 [0x002] 8 [FF F8 70 09 70 00 00 00]
11350 [0x351] 8 [00 00 00 00 00 10 2F 00]
11354 [0x452] 8 [00 00 00 00 00 00 00 00]
11357 [0x4B1] 8 [02 08 0D 00 01 06 00 00]
11361 [0x002] 8 [FF F8 70 0B 72 00 00 00]
11364 [0x705] 8 [47 49 42 8A 0C 00 CC 07]
11368 [0x002] 8 [FF F8 70 0D 74 00 00 00]
11372 [0x232] 8 [D9 28 2A 27 48 12 A7 00]
11375 [0x331] 8 [EE FF 00 00 00 00 00 80]
11379 [0x002] 8 [FF F8 70 0F 76 00 00 00]
11382 [0x232] 8 [D7 28 2A 27 48 13 A7 00]
11386 [0x002] 8 [FF F8 70 01 68 00 00 00]
11389 [0x351] 8 [00 00 00 00 00 10 23 00]
11394 [0x431] 8 [00 00 00 00 00 42 02 00]
11398 [0x002] 8 [FF F8 70 03 6A 00 00 00]
11401 [0x491] 8 [5E 6E 20 90 00 B1 B1 1B]
11405 [0x452] 8 [00 00 00 00 00 00 00 00]
11408 [0x002] 8 [FF F8 70 05 6C 00 00 00]
11412 [0x235] 8 [00 03 0E 05 03 28 80 00]
11415 [0x332] 8 [00 00 FF FF 00 00 00 00]
11419 [0x002] 8 [FF F8 70 07 6E 00 00 00]
11423 [0x232] 8 [D7 28 29 27 48 12 A7 00]
11426 [0x002] 8 [FF F8 70 09 70 00 00 00]
11430 [0x351] 8 [00 00 00 00 00 10 27 00]
11433 [0x431] 8 [00 00 00 00 00 42 02 00]
11438 [0x002] 8 [FF F8 70 0B 72 00 00 00]
11441 [0x231] 8 [DB 07 1E 1E 1E D7 28 60]
11445 [0x232] 8 [D9 28 29 27 48 12 A7 00]
11449 [0x002] 8 [FF F8 70 0D 74 00 00 00]
11452 [0x352] 8 [00 00 00 00 01 00 00 00]
11456 [0x333] 8 [00 00 00 00 89 06 D0 0F]
11459 [0x002] 8 [FF F8 70 0F 76 00 00 00]
11463 [0x232] 8 [D8 28 29 27 48 12 A7 00]
11466 [0x002] 8 [FF F8 70 01 68 00 00 00]
11470 [0x351] 8 [00 00 00 00 00 10 2B 00]
11474 [0x706] 8 [49 00 00 00 00 00 FE 00]
11478 [0x002] 8 [FF F8 70 03 6A 00 00 00]
11482 [0x232] 8 [D7 28 29 27 48 12 A7 00]
11485 [0x002] 8 [FF F8 70 05 6C 00 00 00]
11489 [0x351] 8 [00 00 00 00 00 10 2D 00]
11492 [0x391] 8 [00 00 00 00 00 8F 00 00]
11496 [0x334] 8 [00 00 00 00 00 00 00 00]
11500 [0x002] 8 [FF F8 70 07 6E 00 00 00]
11503 [0x452] 8 [00 00 00 00 00 00 00 00]
11507 [0x002] 8 [FF F8 70 09 70 00 00 00]
11510 [0x351] 8 [00 00 00 00 00 10 2F 00]
11514 [0x705] 8 [47 49 42 74 0C 00 D3 07]
11517 [0x002] 8 [FF F8 70 0B 72 00 00 00]
11522 [0x232] 8 [D8 28 28 27 48 12 A7 00]
11526 [0x002] 8 [FF F8 70 0D 74 00 00 00]
11529 [0x351] 8 [00 00 00 00 00 10 21 00]
11533 [0x431] 8 [00 00 00 00 00 42 02 00]
11536 [0x4B1] 8 [02 08 0F 00 01 06 00 00]
11540 [0x002] 8 [FF F8 70 0F 76 00 00 00]
11543 [0x232] 8 [D6 28 27 27 48 12 A7 00]
11547 [0x002] 8 [FF F8 70 01 68 00 00 00]
11550 [0x351] 8 [00 00 00 00 00 10 23 00]
11554 [0x491] 8 [5E 6E 20 90 00 B1 B1 1B]
11558 [0x002] 8 [FF F8 70 03 6A 00 00 00]
11561 [0x232] 8 [D6 28 27 27 48 12 A7 00]
11566 [0x002] 8 [FF F8 70 05 6C 00 00 00]
11569 [0x351] 8 [00 00 00 00 00 10 25 00]
11573 [0x706] 8 [49 00 00 00 00 00 FE 00]
11576 [0x4B1] 8 [02 08 03 00 01 06 00 00]
11580 [0x002] 8 [FF F8 70 07 6E 00 00 00]
11584 [0x232] 8 [D8 28 26 27 48 12 A7 00]
11587 [0x002] 8 [FF F8 70 09 70 00 00 00]
11591 [0x231] 8 [E1 07 1E 1E 1E D5 28 60]
11594 [0x431] 8 [00 00 00 00 00 42 02 00]
11598 [0x002] 8 [FF F8 70 0B 72 00 00 00]
11601 [0x452] 8 [00 00 00 00 00 00 00 00]
11606 [0x002] 8 [FF F8 70 0D 74 00 00 00]
11610 [0x351] 8 [00 00 00 00 00 10 29 00]
11613 [0x705] 8 [47 49 42 56 0C 00 D8 07]
11617 [0x4B1] 8 [02 08 07 00 01 06 00 00]
11620 [0x706] 8 [49 00 00 00 00 00 FE 00]
11624 [0x232] 8 [D6 28 25 27 48 12 A7 00]
11627 [0x002] 8 [FF F8 70 01 68 00 00 00]
11631 [0x232] 8 [D6 28 25 27 48 12 A7 00]
11635 [0x331] 8 [EE FF 00 00 00 00 01 80]
11638 [0x002] 8 [FF F8 70 03 6A 00 00 00]
11642 [0x232] 8 [D8 28 25 27 48 12 A7 00]
11645 [0x002] 8 [FF F8 70 05 6C 00 00 00]
11650 [0x351] 8 [00 00 00 00 00 10 2D 00]
11653 [0x491] 8 [5E 6E 20 90 00 B1 B1 1B]
11657 [0x002] 8 [FF F8 70 07 6E 00 00 00]
11661 [0x705] 8 [47 49 42 3E 0C 00 D8 07]
11664 [0x232] 8 [D6 28 25 27 48 12 A7 00]
11668 [0x002] 8 [FF F8 70 09 70 00 00 00]
11671 [0x235] 8 [00 0D 0D 05 03 28 80 00]
11675 [0x332] 8 [00 00 FF FF 00 00 00 00]
11678 [0x002] 8 [FF F8 70 0B 72 00 00 00]
11682 [0x232] 8 [D5 28 26 27 48 12 A7 00]
11686 [0x002] 8 [FF F8 70 0D 74 00 00 00]
11689 [0x351] 8 [00 00 00 00 00 10 21 00]
11694 [0x431] 8 [00 00 00 00 00 42 02 00]
11697 [0x002] 8 [FF F8 70 0F 76 00 00 00]
11701 [0x432] 8 [81 11 FA 00 1E 89 FA 3E]
11704 [0x452] 8 [00 00 00 00 00 00 00 00]
11708 [0x002] 8 [FF F8 70 01 68 00 00 00]
11712 [0x352] 8 [00 00 00 00 01 00 00 00]
11715 [0x291] 8 [00 04 3A 26 00 00 01 00]
11719 [0x002] 8 [FF F8 70 03 6A 00 00 00]
11722 [0x232] 8 [D5 28 26 27 48 12 A7 00]
11726 [0x002] 8 [FF F8 70 05 6C 00 00 00]
11729 [0x351] 8 [00 00 00 00 00 10 25 00]
11734 [0x431] 8 [00 00 00 00 00 42 02 00]
11738 [0x002] 8 [FF F8 70 07 6E 00 00 00]
11741 [0x232] 8 [D5 28 26 27 48 12 A7 00]
11745 [0x002] 8 [FF F8 70 09 70 00 00 00]
11748 [0x351] 8 [00 00 00 00 00 10 27 00]
11752 [0x391] 8 [00 00 00 00 00 89 00 00]
11755 [0x334] 8 [00 00 00 00 00 00 00 00]
11759 [0x002] 8 [FF F8 70 0B 72 00 00 00]
11763 [0x232] 8 [D7 28 26 27 48 12 A7 00]
11766 [0x002] 8 [FF F8 70 0D 74 00 00 00]
11770 [0x351] 8 [00 00 00 00 00 10 29 00]
11773 [0x706] 8 [49 00 00 00 00 00 FE 00]
11778 [0x002] 8 [FF F8 70 0F 76 00 00 00]
11781 [0x232] 8 [D7 28 26 27 48 12 A7 00]
11785 [0x002] 8 [FF F8 70 01 68 00 00 00]
11789 [0x351] 8 [00 00 00 00 00 10 2B 00]
11792 [0x431] 8 [00 00 00 00 00 42 02 00]
11796 [0x4B1] 8 [02 08 09 00 01 06 00 00]
11799 [0x002] 8 [FF F8 70 03 6A 00 00 00]
11803 [0x452] 8 [00 00 00 00 00 00 00 00]
11806 [0x002] 8 [FF F8 70 05 6C 00 00 00]
11810 [0x351] 8 [00 00 00 00 00 10 2D 00]
11813 [0x705] 8 [47 4B 42 42 0C 00 E0 07]
11817 [0x002] 8 [FF F8 70 07 6E 00 00 00]
11822 [0x232] 8 [D7 28 26 27 48 12 A7 00]
11825 [0x002] 8 [FF F8 70 09 70 00 00 00]
11829 [0x351] 8 [00 00 00 00 00 10 2F 00]
11832 [0x431] 8 [00 00 00 00 00 42 02 00]
11836 [0x4B1] 8 [02 08 0D 00 01 06 00 00]
11839 [0x002] 8 [FF F8 70 0B 72 00 00 00]
11843 [0x232] 8 [D5 28 26 27 48 12 A7 00]
11847 [0x002] 8 [FF F8 70 0D 74 00 00 00]
11850 [0x231] 8 [EC 07 1E 1E 1E D6 28 60]
11854 [0x491] 8 [5E 6E 20 90 00 B1 B1 1B]
11857 [0x002] 8 [FF F8 70 0F 76 00 00 00]
11862 [0x232] 8 [D5 28 26 27 48 12 A7 00]
11865 [0x002] 8 [FF F8 70 01 68 00 00 00]
11869 [0x351] 8 [00 00 00 00 00 10 23 00]
11873 [0x706] 8 [49 00 00 00 00 00 FE 00]
11876 [0x002] 8 [FF F8 70 03 6A 00 00 00]
11880 [0x231] 8 [EC 07 1E 1E 1E D5 28 60]
11883 [0x232] 8 [D7 28 25 27 48 12 A7 00]
11887 [0x002] 8 [FF F8 70 05 6C 00 00 00]
11890 [0x232] 8 [D5 28 26 27 48 12 A7 00]
11894 [0x331] 8 [EE FF 00 00 00 00 00 80]
11898 [0x002] 8 [FF F8 70 07 6E 00 00 00]
11901 [0x452] 8 [00 00 00 00 00 00 00 00]
11906 [0x002] 8 [FF F8 70 09 70 00 00 00]
11909 [0x351] 8 [00 00 00 00 00 10 27 00]
11913 [0x705] 8 [47 49 42 58 0C 00 E3 07]
11916 [0x002] 8 [FF F8 70 0B 72 00 00 00]
11920 [0x706] 8 [49 00 00 00 00 00 FE 00]
11924 [0x232] 8 [D4 28 26 27 48 12 A7 00]
11927 [0x002] 8 [FF F8 70 0D 74 00 00 00]
11931 [0x235] 8 [00 07 0E 05 03 28 80 00]
11934 [0x332] 8 [00 00 FF FF 00 00 00 00]
11938 [0x002] 8 [FF F8 70 0F 76 00 00 00]
11941 [0x232] 8 [D6 28 26 27 48 12 A7 00]
11945 [0x002] 8 [FF F8 70 01 68 00 00 00]
11950 [0x351] 8 [00 00 00 00 00 10 2B 00]
11953 [0x491] 8 [5E 6E 20 90 00 B1 B1 1B]
11957 [0x002] 8 [FF F8 70 03 6A 00 00 00]
11960 [0x705] 8 [47 49 42 46 0C 00 E5 07]
11964 [0x232] 8 [D4 28 26 27 48 12 A7 00]
11967 [0x002] 8 [FF F8 70 05 6C 00 00 00]
11971 [0x352] 8 [00 00 00 00 01 00 00 00]
11975 [0x291] 8 [00 04 3A 26 00 00 0B 00]
11978 [0x002] 8 [FF F8 70 07 6E 00 00 00]
11982 [0x232] 8 [D4 28 26 27 48 12 A7 00]
11985 [0x002] 8 [FF F8 70 09 70 00 00 00]
11990 [0x351] 8 [00 00 00 00 00 10 2F 00]
11993 [0x431] 8 [00 00 00 00 00 42 02 00]
11997 [0x002] 8 [FF F8 70 0B 72 00 00 00]
12001 [0x231] 8 [F0 07 1E 1E 1E D5 28 60]
12004 [0x452] 8 [00 00 00 00 00 00 00 00]
12008 [0x002] 8 [FF F8 70 0D 74 00 00 00]
12011 [0x391] 8 [00 00 00 00 00 83 00 00]
12015 [0x334] 8 [00 00 00 00 00 00 00 00]
12018 [0x002] 8 [FF F8 70 0F 76 00 00 00]
12022 [0x232] 8 [D6 28 25 27 48 12 A7 00]
12026 [0x002] 8 [FF F8 70 01 68 00 00 00]
12029 [0x351] 8 [00 00 00 00 00 10 23 00]
12034 [0x431] 8 [00 00 00 00 00 42 02 00]
12037 [0x002] 8 [FF F8 70 03 6A 00 00 00]
12041 [0x232] 8 [D4 28 26 27 48 12 A7 00]
12044 [0x002] 8 [FF F8 70 05 6C 00 00 00]
12048 [0x351] 8 [00 00 00 00 00 10 25 00]
12051 [0x432] 8 [81 11 FA 00 1E 91 FA 3E]
12055 [0x4B1] 8 [02 08 03 00 01 06 00 00]
12059 [0x002] 8 [FF F8 70 07 6E 00 00 00]
12062 [0x232] 8 [D6 28 25 27 48 12 A7 00]
12066 [0x002] 8 [FF F8 70 09 70 00 00 00]
12069 [0x351] 8 [00 00 00 00 00 10 27 00]
12073 [0x706] 8 [49 00 00 00 00 00 FE 00]
12077 [0x002] 8 [FF F8 70 0B 72 00 00 00]
12081 [0x232] 8 [D4 28 25 27 48 12 A7 00]
12085 [0x002] 8 [FF F8 70 0D 74 00 00 00]
12088 [0x351] 8 [00 00 00 00 00 10 29 00]
12092 [0x431] 8 [00 00 00 00 00 42 02 00]
12095 [0x002] 8 [FF F8 70 0F 76 00 00 00]
12099 [0x491] 8 [5E 6E 20 90 00 B1 B1 1B]
12102 [0x452] 8 [00 00 00 00 00 00 00 00]
12106 [0x002] 8 [FF F8 70 01 68 00 00 00]
12110 [0x231] 8 [E2 07 1E 1E 1E D4 28 60]
12113 [0x705] 8 [47 4B 42 37 0C 00 EA 07]
12118 [0x002] 8 [FF F8 70 03 6A 00 00 00]
12121 [0x232] 8 [D6 28 24 27 48 12 A7 00]
12125 [0x002] 8 [FF F8 70 05 6C 00 00 00]
12128 [0x351] 8 [00 00 00 00 00 10 2D 00]
12132 [0x431] 8 [00 00 00 00 00 42 02 00]
12136 [0x002] 8 [FF F8 70 07 6E 00 00 00]
12139 [0x231] 8 [F6 07 1E 1E 1E D4 28 60]
12143 [0x232] 8 [D6 28 24 27 48 12 A7 00]
12146 [0x002] 8 [FF F8 70 09 70 00 00 00]
12150 [0x232] 8 [D6 28 25 27 48 12 A7 00]
12153 [0x331] 8 [EE FF 00 00 00 00 00 80]
12157 [0x002] 8 [FF F8 70 0B 72 00 00 00]
12162 [0x705] 8 [47 49 42 31 0C 00 EB 07]
12165 [0x002] 8 [FF F8 70 0D 74 00 00 00]
12169 [0x351] 8 [00 00 00 00 00 10 21 00]
12172 [0x706] 8 [49 00 00 00 00 00 FE 00]
12176 [0x002] 8 [FF F8 70 0F 76 00 00 00]
12179 [0x231] 8 [F6 07 1E 1E 1E D2 28 60]
12183 [0x232] 8 [D3 28 25 27 48 13 A7 00]
12187 [0x002] 8 [FF F8 70 01 68 00 00 00]
12190 [0x235] 8 [00 01 0D 05 03 28 80 00]
12194 [0x332] 8 [00 00 FF FF 00 00 00 00]
12197 [0x002] 8 [FF F8 70 03 6A 00 00 00]
12201 [0x452] 8 [00 00 00 00 00 00 00 00]
12205 [0x002] 8 [FF F8 70 05 6C 00 00 00]
12209 [0x351] 8 [00 00 00 00 00 10 25 00]
12213 [0x705] 8 [47 4B 42 4B 0C 00 ED 07]
12216 [0x002] 8 [FF F8 70 07 6E 00 00 00]
12220 [0x231] 8 [E7 07 1E 1E 1E D2 28 60]
12223 [0x232] 8 [D3 28 24 27 48 13 A7 00]
12227 [0x002] 8 [FF F8 70 09 70 00 00 00]
12230 [0x352] 8 [00 00 00 00 01 00 00 00]
12234 [0x334] 8 [00 00 00 00 00 00 00 00]
12238 [0x002] 8 [FF F8 70 0B 72 00 00 00]
12241 [0x232] 8 [D5 28 25 27 48 13 A7 00]
12246 [0x002] 8 [FF F8 70 0D 74 00 00 00]
12249 [0x351] 8 [00 00 00 00 00 10 29 00]
12253 [0x491] 8 [5E 6E 20 90 00 B1 B1 1B]
12256 [0x002] 8 [FF F8 70 0F 76 00 00 00]
12260 [0x232] 8 [D5 28 25 27 48 12 A7 00]
12264 [0x002] 8 [FF F8 70 01 68 00 00 00]
12267 [0x351] 8 [00 00 00 00 00 10 2B 00]
12271 [0x391] 8 [00 00 00 00 00 8D 00 00]
12274 [0x291] 8 [00 04 3A 26 00 00 09 00]
12278 [0x002] 8 [FF F8 70 03 6A 00 00 00]
12281 [0x232] 8 [D3 28 24 27 48 13 A7 00]
12285 [0x002] 8 [FF F8 70 05 6C 00 00 00]
12290 [0x351] 8 [00 00 00 00 00 10 2D 00]
12293 [0x431] 8 [00 00 00 00 00 42 02 00]
12297 [0x002] 8 [FF F8 70 07 6E 00 00 00]
12300 [0x451] 8 [76 02 00 87 1E 00 01 00]
12304 [0x452] 8 [00 00 00 00 00 00 00 00]
12307 [0x002] 8 [FF F8 70 09 70 00 00 00]
12311 [0x705] 8 [47 49 42 3E 0C 00 EE 07]
12314 [0x4B1] 8 [02 08 0D 00 01 06 00 00]
12318 [0x002] 8 [FF F8 70 0B 72 00 00 00]
12322 [0x232] 8 [D5 28 25 27 48 13 A7 00]
12325 [0x002] 8 [FF F8 70 0D 74 00 00 00]
12329 [0x351] 8 [00 00 00 00 00 10 21 00]
12333 [0x431] 8 [00 00 00 00 00 42 02 00]
12337 [0x002] 8 [FF F8 70 0F 76 00 00 00]
12340 [0x232] 8 [D3 28 25 27 48 13 A7 00]
12344 [0x002] 8 [FF F8 70 01 68 00 00 00]
12348 [0x351] 8 [00 00 00 00 00 10 23 00]
12351 [0x451] 8 [7A 02 00 87 1F 00 01 00]
12355 [0x002] 8 [FF F8 70 03 6A 00 00 00]
12358 [0x231] 8 [FA 07 1E 1E 1E D4 28 60]
12362 [0x705] 8 [47 49 42 52 0C 00 F0 07]
12365 [0x002] 8 [FF F8 70 05 6C 00 00 00]
12369 [0x231] 8 [E8 07 1E 1E 1E D4 28 60]
12374 [0x706] 8 [49 00 00 00 00 00 FE 00]
12377 [0x002] 8 [FF F8 70 07 6E 00 00 00]
12381 [0x232] 8 [D5 28 26 27 48 13 A7 00]
12384 [0x002] 8 [FF F8 70 09 70 00 00 00]
12388 [0x351] 8 [00 00 00 00 00 10 27 00]
12391 [0x431] 8 [00 00 00 00 00 42 02 00]
12395 [0x002] 8 [FF F8 70 0B 72 00 00 00]
12399 [0x491] 8 [5E 6E 20 90 00 B1 B1 1B]
12402 [0x452] 8 [00 00 00 00 00 00 00 00]
12406 [0x002] 8 [FF F8 70 0D 74 00 00 00]
12409 [0x232] 8 [D5 28 26 27 48 13 A7 00]
12413 [0x331] 8 [EE FF 00 00 00 00 01 80]
12417 [0x002] 8 [FF F8 70 0F 76 00 00 00]
12421 [0x232] 8 [D3 28 26 27 48 13 A7 00]
12425 [0x002] 8 [FF F8 70 01 68 00 00 00]
12428 [0x351] 8 [00 00 00 00 00 10 2B 00]
12432 [0x431] 8 [00 00 00 00 00 42 02 00]
12435 [0x002] 8 [FF F8 70 03 6A 00 00 00]
12439 [0x231] 8 [FE 07 1E 1E 1E D4 28 60]
12442 [0x232] 8 [D5 28 25 27 48 13 A7 00]
12446 [0x002] 8 [FF F8 70 05 6C 00 00 00]
12450 [0x235] 8 [00 0B 0D 05 03 28 80 00]
12453 [0x332] 8 [00 00 FF FF 00 00 00 00]
12457 [0x002] 8 [FF F8 70 07 6E 00 00 00]
12461 [0x232] 8 [D3 28 25 27 48 13 A7 00]
12465 [0x002] 8 [FF F8 70 09 70 00 00 00]
12468 [0x351] 8 [00 00 00 00 00 10 2F 00]
12472 [0x706] 8 [49 00 00 00 00 00 FE 00]
12476 [0x002] 8 [FF F8 70 0B 72 00 00 00]
12479 [0x231] 8 [EC 07 1E 1E 1E D1 28 60]
12483 [0x232] 8 [D3 28 25 27 48 13 A7 00]
12486 [0x002] 8 [FF F8 70 0D 74 00 00 00]
12490 [0x352] 8 [00 00 00 00 01 00 00 00]
12493 [0x334] 8 [00 00 00 00 00 00 00 00]
12497 [0x002] 8 [FF F8 70 0F 76 00 00 00]
12502 [0x452] 8 [00 00 00 00 00 00 00 00]
12505 [0x002] 8 [FF F8 70 01 68 00 00 00]
12509 [0x351] 8 [00 00 00 00 00 10 23 00]
12512 [0x705] 8 [47 4B 42 45 0C 00 F5 07]
12516 [0x002] 8 [FF F8 70 03 6A 00 00 00]
12519 [0x232] 8 [D2 28 25 27 48 13 A7 00]
12523 [0x002] 8 [FF F8 70 05 6C 00 00 00]
12527 [0x351] 8 [00 00 00 00 00 10 25 00]
12530 [0x391] 8 [00 00 00 00 00 87 00 00]
12534 [0x291] 8 [00 04 3A 26 00 00 03 00]
12537 [0x002] 8 [FF F8 70 07 6E 00 00 00]
12541 [0x232] 8 [D2 28 25 27 48 12 A7 00]
12545 [0x002] 8 [FF F8 70 09 70 00 00 00]
12549 [0x351] 8 [00 00 00 00 00 10 27 00]
12552 [0x491] 8 [5E 6E 20 90 00 B1 B1 1B]
12556 [0x002] 8 [FF F8 70 0B 72 00 00 00]
12560 [0x705] 8 [47 49 42 56 0C 00 F6 07]
12563 [0x002] 8 [FF F8 70 0D 74 00 00 00]
12567 [0x351] 8 [00 00 00 00 00 10 29 00]
12570 [0x706] 8 [49 00 00 00 00 00 FE 00]
12574 [0x4B1] 8 [02 08 07 00 01 06 00 00]
12577 [0x002] 8 [FF F8 70 0F 76 00 00 00]
12581 [0x232] 8 [D4 28 25 27 48 13 A7 00]
12585 [0x002] 8 [FF F8 70 01 68 00 00 00]
12589 [0x351] 8 [00 00 00 00 00 10 2B 00]
12593 [0x431] 8 [00 00 00 00 00 42 02 00]
12596 [0x002] 8 [FF F8 70 03 6A 00 00 00]
12600 [0x452] 8 [00 00 00 00 00 00 00 00]
12603 [0x002] 8 [FF F8 70 05 6C 00 00 00]
12607 [0x351] 8 [00 00 00 00 00 10 2D 00]
12611 [0x705] 8 [47 49 42 3C 0C 00 F8 07]
12614 [0x002] 8 [FF F8 70 07 6E 00 00 00]
12618 [0x706] 8 [49 00 00 00 00 00 FE 00]
12621 [0x232] 8 [D4 28 25 27 48 13 A7 00]
12625 [0x002] 8 [FF F8 70 09 70 00 00 00]
12628 [0x231] 8 [F2 07 1E 1E 1E D1 28 60]
12633 [0x431] 8 [00 00 00 00 00 42 02 00]
12637 [0x002] 8 [FF F8 70 0B 72 00 00 00]
12640 [0x232] 8 [D2 28 24 27 48 13 A7 00]
12644 [0x002] 8 [FF F8 70 0D 74 00 00 00]
12647 [0x351] 8 [00 00 00 00 00 10 21 00]
12651 [0x452] 8 [00 00 00 00 00 00 00 00]
12654 [0x002] 8 [FF F8 70 0F 76 00 00 00]
12658 [0x705] 8 [47 49 42 47 0C 00 FA 07]
12662 [0x232] 8 [D2 28 24 27 48 13 A7 00]
12665 [0x002] 8 [FF F8 70 01 68 00 00 00]
12669 [0x232] 8 [D4 28 24 27 48 13 A7 00]
12673 [0x4B1] 8 [02 08 01 00 01 06 00 00]
12677 [0x002] 8 [FF F8 70 03 6A 00 00 00]
12680 [0x232] 8 [D4 28 24 27 48 13 A7 00]
12684 [0x002] 8 [FF F8 70 05 6C 00 00 00]
12688 [0x351] 8 [00 00 00 00 00 10 25 00]
12691 [0x431] 8 [00 00 00 00 00 42 02 00]
12695 [0x002] 8 [FF F8 70 07 6E 00 00 00]
12698 [0x491] 8 [5E 6E 20 90 00 B1 B1 1B]
12702 [0x452] 8 [00 00 00 00 00 00 00 00]
12705 [0x002] 8 [FF F8 70 09 70 00 00 00]
12709 [0x235] 8 [00 05 0D 05 03 28 80 00]
12713 [0x332] 8 [00 00 FF FF 00 00 00 00]
12717 [0x002] 8 [FF F8 70 0B 72 00 00 00]
12721 [0x232] 8 [D2 28 24 27 48 12 A7 00]
12724 [0x002] 8 [FF F8 70 0D 74 00 00 00]
12728 [0x351] 8 [00 00 00 00 00 10 29 00]
12731 [0x431] 8 [00 00 00 00 00 42 02 00]
12735 [0x002] 8 [FF F8 70 0F 76 00 00 00]
12739 [0x231] 8 [07 08 1E 1E 1E D0 28 60]
12742 [0x232] 8 [D1 28 25 27 48 13 A7 00]
12746 [0x002] 8 [FF F8 70 01 68 00 00 00]
12749 [0x352] 8 [00 00 00 00 01 00 00 00]
12753 [0x333] 8 [00 00 00 00 8B 06 D0 0F]
12756 [0x334] 8 [00 00 00 00 00 00 00 00]
12761 [0x705] 8 [47 4B 42 50 0C 00 FD 07]
12765 [0x002] 8 [FF F8 70 05 6C 00 00 00]
12768 [0x351] 8 [00 00 00 00 00 10 2D 00]
12772 [0x706] 8 [49 00 00 00 00 00 FE 00]
12775 [0x002] 8 [FF F8 70 07 6E 00 00 00]
12779 [0x232] 8 [D2 28 25 27 48 13 A7 00]
12782 [0x002] 8 [FF F8 70 09 70 00 00 00]
12786 [0x351] 8 [00 00 00 00 00 10 2F 00]
12790 [0x391] 8 [00 00 00 00 00 81 00 00]
12793 [0x334] 8 [00 00 00 00 00 00 00 00]
12797 [0x002] 8 [FF F8 70 0B 72 00 00 00]
12801 [0x452] 8 [00 00 00 00 00 00 00 00]
12805 [0x002] 8 [FF F8 70 0D 74 00 00 00]
12808 [0x351] 8 [00 00 00 00 00 10 21 00]
12812 [0x705] 8 [47 49 42 48 0C 00 FE 07]
12815 [0x002] 8 [FF F8 70 0F 76 00 00 00]
12819 [0x232] 8 [D3 28 25 27 48 13 A7 00]
12823 [0x002] 8 [FF F8 70 01 68 00 00 00]
12826 [0x351] 8 [00 00 00 00 00 10 23 00]
12830 [0x431] 8 [00 00 00 00 00 42 02 00]
12833 [0x291] 8 [00 04 3A 26 00 00 01 00]
12837 [0x002] 8 [FF F8 70 03 6A 00 00 00]
12840 [0x232] 8 [D1 28 25 27 48 13 A7 00]
12845 [0x002] 8 [FF F8 70 05 6C 00 00 00]
12849 [0x351] 8 [00 00 00 00 00 10 25 00]
12852 [0x491] 8 [5E 6E 20 90 00 B1 B1 1B]
12856 [0x291] 8 [00 04 3A 26 00 00 03 00]
12859 [0x232] 8 [D1 28 25 27 48 13 A7 00]
12863 [0x002] 8 [FF F8 70 09 70 00 00 00]
12866 [0x351] 8 [00 00 00 00 00 10 27 00]
12870 [0x706] 8 [49 00 00 00 00 00 FE 00]
12874 [0x002] 8 [FF F8 70 0B 72 00 00 00]
12877 [0x231] 8 [09 08 1E 1E 1E D2 28 60]
12881 [0x232] 8 [D3 28 25 27 48 13 A7 00]
12884 [0x002] 8 [FF F8 70 0D 74 00 00 00]
12889 [0x231] 8 [09 08 1E 1E 1E D0 28 60]
12892 [0x4B1] 8 [02 08 07 00 01 06 00 00]
12896 [0x002] 8 [FF F8 70 0F 76 00 00 00]
12900 [0x452] 8 [00 00 00 00 00 00 00 00]
12903 [0x002] 8 [FF F8 70 01 68 00 00 00]
12907 [0x351] 8 [00 00 00 00 00 10 2B 00]
12910 [0x705] 8 [47 47 42 58 0C 00 00 08]
12914 [0x002] 8 [FF F8 70 03 6A 00 00 00]
12917 [0x706] 8 [49 00 00 00 00 00 FE 00]
12921 [0x232] 8 [D1 28 23 27 48 13 A7 00]
12925 [0x002] 8 [FF F8 70 05 6C 00 00 00]
12929 [0x232] 8 [D3 28 23 27 48 13 A7 00]
12933 [0x331] 8 [EE FF 00 00 00 00 01 80]
12936 [0x002] 8 [FF F8 70 07 6E 00 00 00]
12940 [0x232] 8 [D3 28 23 27 48 13 A7 00]
12943 [0x002] 8 [FF F8 70 09 70 00 00 00]
12947 [0x351] 8 [00 00 00 00 00 10 2F 00]
12951 [0x491] 8 [5E 6E 20 90 00 B1 B1 1B]
12954 [0x291] 8 [00 04 3A 26 00 00 0D 00]
12958 [0x231] 8 [F9 07 1E 1E 1E D0 28 60]
12961 [0x705] 8 [47 49 42 2D 0C 00 01 08]
12965 [0x002] 8 [FF F8 70 0D 74 00 00 00]
12968 [0x235] 8 [00 0F 0D 05 03 28 80 00]
12973 [0x332] 8 [00 00 FF FF 00 00 00 00]
12977 [0x002] 8 [FF F8 70 0F 76 00 00 00]
12980 [0x232] 8 [D1 28 23 27 48 13 A7 00]
12984 [0x002] 8 [FF F8 70 01 68 00 00 00]
12987 [0x351] 8 [00 00 00 00 00 10 23 00]
12991 [0x431] 8 [00 00 00 00 00 42 02 00]
12994 [0x002] 8 [FF F8 70 03 6A 00 00 00]
12998 [0x432] 8 [81 11 FA 00 1E 8F FA 3E]
13002 [0x452] 8 [00 00 00 00 00 00 00 00]
13005 [0x002] 8 [FF F8 70 05 6C 00 00 00]
13009 [0x352] 8 [00 00 00 00 01 00 00 00]
13012 [0x334] 8 [00 00 00 00 00 00 00 00]
13017 [0x002] 8 [FF F8 70 07 6E 00 00 00]
13020 [0x232] 8 [D3 28 24 27 48 13 A7 00]
13024 [0x002] 8 [FF F8 70 09 70 00 00 00]
13028 [0x351] 8 [00 00 00 00 00 10 27 00]
13031 [0x431] 8 [00 00 00 00 00 42 02 00]
13035 [0x291] 8 [00 04 3A 26 00 00 05 00]
13038 [0x232] 8 [D1 28 24 27 48 13 A7 00]
13042 [0x002] 8 [FF F8 70 0D 74 00 00 00]
13045 [0x351] 8 [00 00 00 00 00 10 29 00]
13049 [0x431] 8 [00 00 00 00 00 42 02 00]
13052 [0x334] 8 [00 00 00 00 00 00 00 00]
13057 [0x291] 8 [00 04 3A 26 00 00 07 00]
13061 [0x232] 8 [D3 28 25 27 48 13 A7 00]
13064 [0x002] 8 [FF F8 70 01 68 00 00 00]
13068 [0x351] 8 [00 00 00 00 00 10 2B 00]
13071 [0x706] 8 [49 00 00 00 00 00 FE 00]
13075 [0x291] 8 [00 04 3A 26 00 00 09 00]
13078 [0x232] 8 [D1 28 24 27 48 13 A7 00]
13082 [0x002] 8 [FF F8 70 05 6C 00 00 00]
13086 [0x351] 8 [00 00 00 00 00 10 2D 00]
13089 [0x431] 8 [00 00 00 00 00 42 02 00]
13093 [0x291] 8 [00 04 3A 26 00 00 0B 00]
13096 [0x491] 8 [5E 6E 20 90 00 B1 B1 1B]
13101 [0x452] 8 [00 00 00 00 00 00 00 00]
13104 [0x002] 8 [FF F8 70 09 70 00 00 00]
13108 [0x351] 8 [00 00 00 00 00 10 2F 00]
13112 [0x705] 8 [47 4B 42 42 0C 00 05 08]
13115 [0x291] 8 [00 04 3A 26 00 00 0D 00]
13119 [0x232] 8 [D2 28 25 27 48 13 A7 00]
13122 [0x002] 8 [FF F8 70 0D 74 00 00 00]
13126 [0x351] 8 [00 00 00 00 00 10 21 00]
13129 [0x431] 8 [00 00 00 00 00 42 02 00]
13133 [0x291] 8 [00 04 3A 26 00 00 0F 00]
13137 [0x231] 8 [11 08 1E 1E 1E D1 28 60]
13140 [0x232] 8 [D2 28 25 27 48 13 A7 00]
13145 [0x002] 8 [FF F8 70 01 68 00 00 00]
13148 [0x231] 8 [11 08 1E 1E 1E D1 28 60]
13152 [0x4B1] 8 [02 08 01 00 01 06 00 00]
13155 [0x291] 8 [00 04 3A 26 00 00 01 00]
13159 [0x705] 8 [47 49 42 52 0C 00 07 08]
13163 [0x002] 8 [FF F8 70 05 6C 00 00 00]
13166 [0x351] 8 [00 00 00 00 00 10 25 00]
13170 [0x706] 8 [49 00 00 00 00 00 FE 00]
13173 [0x291] 8 [00 04 3A 26 00 00 03 00]
13177 [0x231] 8 [11 08 1E 1E 1E CF 28 60]
13180 [0x232] 8 [D0 28 25 27 48 13 A7 00]
13185 [0x002] 8 [FF F8 70 09 70 00 00 00]
13189 [0x232] 8 [D0 28 25 27 48 13 A7 00]
13192 [0x331] 8 [EE FF 00 00 00 00 00 80]
13196 [0x291] 8 [00 04 3A 26 00 00 05 00]
13199 [0x452] 8 [00 00 00 00 00 00 00 00]
13203 [0x002] 8 [FF F8 70 0D 74 00 00 00]
13206 [0x351] 8 [00 00 00 00 00 10 29 00]
13210 [0x705] 8 [47 49 42 5F 0C 00 08 08]
13214 [0x291] 8 [00 04 3A 26 00 00 07 00]
13217 [0x706] 8 [49 00 00 00 00 00 FE 00]
13221 [0x232] 8 [D0 28 24 27 48 13 A7 00]
13224 [0x002] 8 [FF F8 70 01 68 00 00 00]
13229 [0x235] 8 [00 09 0D 05 03 28 80 00]
13232 [0x333] 8 [00 00 00 00 8B 06 D0 0F]
13236 [0x291] 8 [00 04 3A 26 00 00 09 00]
13240 [0x232] 8 [D2 28 24 27 48 13 A7 00]
13243 [0x002] 8 [FF F8 70 05 6C 00 00 00]
13247 [0x351] 8 [00 00 00 00 00 10 2D 00]
13250 [0x491] 8 [5E 6E 20 90 00 B1 B1 1B]
13254 [0x291] 8 [00 04 3A 26 00 00 0B 00]
13257 [0x231] 8 [15 08 1E 1E 1E D1 28 60]
13261 [0x232] 8 [D2 28 24 27 48 13 A7 00]
13265 [0x002] 8 [FF F8 70 09 70 00 00 00]
13268 [0x352] 8 [00 00 00 00 01 00 00 00]
13273 [0x334] 8 [00 00 00 00 00 00 00 00]
13276 [0x291] 8 [00 04 3A 26 00 00 0D 00]
13280 [0x232] 8 [D0 28 24 27 48 13 A7 00]
13283 [0x002] 8 [FF F8 70 0D 74 00 00 00]
13287 [0x351] 8 [00 00 00 00 00 10 21 00]
13291 [0x431] 8 [00 00 00 00 00 42 02 00]
13294 [0x291] 8 [00 04 3A 26 00 00 0F 00]
13298 [0x231] 8 [02 08 1E 1E 1E CF 28 60]
13301 [0x452] 8 [00 00 00 00 00 00 00 00]
13305 [0x002] 8 [FF F8 70 01 68 00 00 00]
13308 [0x431] 8 [00 00 00 00 00 42 02 00]
13313 [0x002] 8 [FF F8 70 03 6A 00 00 00]
13316 [0x291] 8 [00 04 3A 26 00 00 01 00]
13320 [0x232] 8 [D2 28 24 27 48 13 A7 00]
13324 [0x002] 8 [FF F8 70 05 6C 00 00 00]
13327 [0x351] 8 [00 00 00 00 00 10 25 00]
13331 [0x431] 8 [00 00 00 00 00 42 02 00]
13334 [0x291] 8 [00 04 3A 26 00 00 03 00]
13338 [0x232] 8 [D2 28 24 27 48 13 A7 00]
13341 [0x002] 8 [FF F8 70 09 70 00 00 00]
13345 [0x351] 8 [00 00 00 00 00 10 27 00]
13349 [0x432] 8 [81 11 FA 00 1E 8B FA 3E]
13352 [0x291] 8 [00 04 3A 26 00 00 05 00]
13357 [0x231] 8 [05 08 1E 1E 1E CF 28 60]
13360 [0x705] 8 [47 4B 42 41 0C 00 0D 08]
13364 [0x002] 8 [FF F8 70 0D 74 00 00 00]
13367 [0x351] 8 [00 00 00 00 00 10 29 00]
13371 [0x4B1] 8 [02 08 07 00 01 06 00 00]
13375 [0x291] 8 [00 04 3A 26 00 00 07 00]
13378 [0x232] 8 [D2 28 25 27 48 13 A7 00]
13382 [0x002] 8 [FF F8 70 01 68 00 00 00]
13385 [0x351] 8 [00 00 00 00 00 10 2B 00]
13389 [0x431] 8 [00 00 00 00 00 42 02 00]
13392 [0x291] 8 [00 04 3A 26 00 00 09 00]
13396 [0x491] 8 [5E 6E 20 90 00 B1 B1 1B]
13401 [0x452] 8 [00 00 00 00 00 00 00 00]
13404 [0x002] 8 [FF F8 70 05 6C 00 00 00]
13408 [0x231] 8 [18 08 1E 1E 1E CE 28 60]
13411 [0x4B1] 8 [02 08 0B 00 01 06 00 00]
13415 [0x291] 8 [00 04 3A 26 00 00 0B 00]
13418 [0x232] 8 [D0 28 24 27 48 13 A7 00]
13422 [0x002] 8 [FF F8 70 09 70 00 00 00]
13426 [0x351] 8 [00 00 00 00 00 10 2F 00]
13429 [0x431] 8 [00 00 00 00 00 42 02 00]
13433 [0x291] 8 [00 04 3A 26 00 00 0D 00]
13436 [0x231] 8 [1A 08 1E 1E 1E D1 28 60]
13441 [0x232] 8 [D2 28 24 27 48 13 A7 00]
13444 [0x002] 8 [FF F8 70 0D 74 00 00 00]
13448 [0x232] 8 [CF 28 23 27 48 13 A7 00]
13452 [0x331] 8 [EE FF 00 00 00 00 01 80]
13455 [0x291] 8 [00 04 3A 26 00 00 0F 00]
13459 [0x232] 8 [D1 28 23 27 48 13 A7 00]
13462 [0x002] 8 [FF F8 70 01 68 00 00 00]
13466 [0x351] 8 [00 00 00 00 00 10 23 00]
13469 [0x706] 8 [49 00 00 00 00 00 FE 00]
13473 [0x291] 8 [00 04 3A 26 00 00 01 00]
13477 [0x231] 8 [08 08 1E 1E 1E CE 28 60]
13480 [0x232] 8 [CF 28 23 27 48 13 A7 00]
13485 [0x002] 8 [FF F8 70 05 6C 00 00 00]
13488 [0x235] 8 [00 03 0D 05 03 28 80 00]
13492 [0x333] 8 [00 00 00 00 85 06 D0 0F]
13495 [0x291] 8 [00 04 3A 26 00 00 03 00]
13499 [0x452] 8 [00 00 00 00 00 00 00 00]
13503 [0x002] 8 [FF F8 70 09 70 00 00 00]
13506 [0x351] 8 [00 00 00 00 00 10 27 00]
13510 [0x705] 8 [47 49 42 3E 0C 00 10 08]
13513 [0x291] 8 [00 04 3A 26 00 00 05 00]
13517 [0x706] 8 [49 00 00 00 00 00 FE 00]
13520 [0x232] 8 [D1 28 22 27 48 13 A7 00]
13524 [0x002] 8 [FF F8 70 0D 74 00 00 00]
13529 [0x352] 8 [00 00 00 00 01 00 00 00]
13532 [0x002] 8 [FF F8 70 0F 76 00 00 00]
13536 [0x291] 8 [00 04 3A 26 00 00 07 00]
13539 [0x232] 8 [CF 28 23 27 48 13 A7 00]
13543 [0x002] 8 [FF F8 70 01 68 00 00 00]
13546 [0x351] 8 [00 00 00 00 00 10 2B 00]
13550 [0x491] 8 [5E 6E 20 90 00 B1 B1 1B]
13553 [0x291] 8 [00 04 3A 26 00 00 09 00]
13557 [0x232] 8 [D1 28 23 27 48 13 A7 00]
13561 [0x705] 8 [47 49 42 4C 0C 00 12 08]
13564 [0x002] 8 [FF F8 70 05 6C 00 00 00]
13569 [0x431] 8 [00 00 00 00 00 42 02 00]
13572 [0x334] 8 [00 00 00 00 00 00 00 00]
13576 [0x291] 8 [00 04 3A 26 00 00 0B 00]
13579 [0x232] 8 [D1 28 22 27 48 13 A7 00]
13583 [0x002] 8 [FF F8 70 09 70 00 00 00]
13587 [0x351] 8 [00 00 00 00 00 10 2F 00]
13590 [0x431] 8 [00 00 00 00 00 42 02 00]
13594 [0x291] 8 [00 04 3A 26 00 00 0D 00]
13597 [0x451] 8 [6C 02 00 88 1E 00 01 00]
13601 [0x452] 8 [00 00 00 00 00 00 00 00]
13604 [0x002] 8 [FF F8 70 0D 74 00 00 00]
13608 [0x705] 8 [47 49 42 3C 0C 00 14 08]
13613 [0x291] 8 [00 04 3A 26 00 00 0F 00]
13616 [0x706] 8 [49 00 00 00 00 00 FE 00]
13620 [0x232] 8 [CF 28 21 27 48 13 A7 00]
13623 [0x002] 8 [FF F8 70 01 68 00 00 00]
13627 [0x351] 8 [00 00 00 00 00 10 23 00]
13630 [0x4B1] 8 [02 08 01 00 01 06 00 00]
13634 [0x291] 8 [00 04 3A 26 00 00 01 00]
13638 [0x232] 8 [D1 28 21 27 48 13 A7 00]
13641 [0x002] 8 [FF F8 70 05 6C 00 00 00]
13645 [0x351] 8 [00 00 00 00 00 10 25 00]
13648 [0x451] 8 [6C 02 00 88 1E 00 01 00]
13652 [0x291] 8 [00 04 3A 26 00 00 03 00]
13656 [0x705] 8 [47 49 42 1C 0C 00 15 08]
13660 [0x232] 8 [D1 28 21 27 48 13 A7 00]
13664 [0x002] 8 [FF F8 70 09 70 00 00 00]
13667 [0x231] 8 [20 08 1E 1E 1E D0 28 60]
13671 [0x4B1] 8 [02 08 05 00 01 06 00 00]
13674 [0x291] 8 [00 04 3A 26 00 00 05 00]
13678 [0x232] 8 [CF 28 22 27 48 13 A7 00]
13681 [0x002] 8 [FF F8 70 0D 74 00 00 00]
13685 [0x351] 8 [00 00 00 00 00 10 29 00]
13689 [0x431] 8 [00 00 00 00 00 42 02 00]
13692 [0x291] 8 [00 04 3A 26 00 00 07 00]
13697 [0x491] 8 [5E 6E 20 90 00 B1 B1 1B]
13700 [0x452] 8 [00 00 00 00 00 00 00 00]
13704 [0x002] 8 [FF F8 70 01 68 00 00 00]
13707 [0x232] 8 [CF 28 22 27 48 13 A7 00]
13711 [0x331] 8 [EE FF 00 00 00 00 00 80]
13715 [0x291] 8 [00 04 3A 26 00 00 09 00]
13718 [0x232] 8 [CF 28 21 27 48 13 A7 00]
13722 [0x002] 8 [FF F8 70 05 6C 00 00 00]
13725 [0x351] 8 [00 00 00 00 00 10 2D 00]
13729 [0x431] 8 [00 00 00 00 00 42 02 00]
13732 [0x291] 8 [00 04 3A 26 00 00 0B 00]
13736 [0x231] 8 [0E 08 1E 1E 1E CD 28 60]
13741 [0x232] 8 [CE 28 21 27 48 13 A7 00]
13744 [0x002] 8 [FF F8 70 09 70 00 00 00]
13748 [0x235] 8 [00 0D 0D 05 03 28 80 00]
13751 [0x333] 8 [00 00 00 00 8F 06 D0 0F]
13755 [0x291] 8 [00 04 3A 26 00 00 0D 00]
13758 [0x705] 8 [47 49 42 39 0C 00 16 08]
13762 [0x002] 8 [FF F8 70 0D 74 00 00 00]
13766 [0x351] 8 [00 00 00 00 00 10 21 00]
13769 [0x706] 8 [49 00 00 00 00 00 FE 00]
13773 [0x291] 8 [00 04 3A 26 00 00 0F 00]
13776 [0x231] 8 [21 08 1E 1E 1E D0 28 60]
13780 [0x232] 8 [D1 28 21 27 48 13 A7 00]
13784 [0x002] 8 [FF F8 70 01 68 00 00 00]
13788 [0x352] 8 [00 00 00 00 01 00 00 00]
13791 [0x002] 8 [FF F8 70 03 6A 00 00 00]
13795 [0x291] 8 [00 04 3A 26 00 00 01 00]
13799 [0x452] 8 [00 00 00 00 00 00 00 00]
13802 [0x002] 8 [FF F8 70 05 6C 00 00 00]
13806 [0x351] 8 [00 00 00 00 00 10 25 00]
13809 [0x705] 8 [47 49 42 32 0C 00 17 08]
13813 [0x291] 8 [00 04 3A 26 00 00 03 00]
13816 [0x232] 8 [CE 28 22 27 48 13 A7 00]
13820 [0x002] 8 [FF F8 70 09 70 00 00 00]
13825 [0x351] 8 [00 00 00 00 00 10 27 00]
13828 [0x431] 8 [00 00 00 00 00 42 02 00]
13832 [0x334] 8 [00 00 00 00 00 00 00 00]
13835 [0x291] 8 [00 04 3A 26 00 00 05 00]
13839 [0x232] 8 [D1 28 22 27 48 13 A7 00]
13842 [0x002] 8 [FF F8 70 0D 74 00 00 00]
13846 [0x351] 8 [00 00 00 00 00 10 29 00]
13850 [0x491] 8 [5E 6E 20 90 00 B1 B1 1B]
13853 [0x291] 8 [00 04 3A 26 00 00 07 00]
13857 [0x232] 8 [CE 28 22 27 48 13 A7 00]
13860 [0x002] 8 [FF F8 70 01 68 00 00 00]
13864 [0x351] 8 [00 00 00 00 00 10 2B 00]
13868 [0x706] 8 [49 00 00 00 00 00 FE 00]
13872 [0x291] 8 [00 04 3A 26 00 00 09 00]
13876 [0x231] 8 [0E 08 1E 1E 1E CD 28 60]
13879 [0x232] 8 [CE 28 23 27 48 13 A7 00]
13883 [0x002] 8 [FF F8 70 05 6C 00 00 00]
13886 [0x351] 8 [00 00 00 00 00 10 2D 00]
13890 [0x4B1] 8 [02 08 0B 00 01 06 00 00]
13893 [0x291] 8 [00 04 3A 26 00 00 0B 00]
13897 [0x452] 8 [00 00 00 00 00 00 00 00]
13901 [0x002] 8 [FF F8 70 09 70 00 00 00]
13904 [0x351] 8 [00 00 00 00 00 10 2F 00]
13908 [0x705] 8 [47 4B 42 4A 0C 00 17 08]
13912 [0x291] 8 [00 04 3A 26 00 00 0D 00]
13916 [0x706] 8 [49 00 00 00 00 00 FE 00]
13919 [0x232] 8 [CE 28 22 27 48 13 A7 00]
13923 [0x002] 8 [FF F8 70 0D 74 00 00 00]
13927 [0x231] 8 [21 08 1E 1E 1E CF 28 60]
13930 [0x4B1] 8 [02 08 0F 00 01 06 00 00]
13934 [0x291] 8 [00 04 3A 26 00 00 0F 00]
13937 [0x232] 8 [CE 28 23 27 48 13 A7 00]
13941 [0x002] 8 [FF F8 70 01 68 00 00 00]
13944 [0x351] 8 [00 00 00 00 00 10 23 00]
13948 [0x452] 8 [00 00 00 00 00 00 00 00]
13953 [0x291] 8 [00 04 3A 26 00 00 01 00]
13956 [0x231] 8 [23 08 1E 1E 1E CF 28 60]
13960 [0x705] 8 [47 49 42 48 0C 00 18 08]
13963 [0x002] 8 [FF F8 70 05 6C 00 00 00]
13967 [0x232] 8 [CE 28 23 27 48 13 A7 00]
13970 [0x332] 8 [00 00 FF FF 00 00 00 00]
13974 [0x291] 8 [00 04 3A 26 00 00 03 00]
13978 [0x232] 8 [D0 28 23 27 48 13 A7 00]
13981 [0x002] 8 [FF F8 70 09 70 00 00 00]
13985 [0x351] 8 [00 00 00 00 00 10 27 00]
13988 [0x431] 8 [00 00 00 00 00 42 02 00]
13992 [0x291] 8 [00 04 3A 26 00 00 05 00]
13996 [0x491] 8 [5E 6E 20 90 00 B1 B1 1B]
14000 [0x452] 8 [00 00 00 00 00 00 00 00]
14004 [0x002] 8 [FF F8 70 0D 74 00 00 00]
14007 [0x235] 8 [00 07 0D 05 03 28 80 00]
14011 [0x002] 8 [FF F8 70 0F 76 00 00 00]
14014 [0x291] 8 [00 04 3A 26 00 00 07 00]
14018 [0x232] 8 [CE 28 24 27 48 13 A7 00]
14021 [0x002] 8 [FF F8 70 01 68 00 00 00]
14025 [0x351] 8 [00 00 00 00 00 10 2B 00]
14029 [0x431] 8 [00 00 00 00 00 42 02 00]
14032 [0x291] 8 [00 04 3A 26 00 00 09 00]
14036 [0x231] 8 [23 08 1E 1E 1E CF 28 60]
14040 [0x232] 8 [D0 28 23 27 48 13 A7 00]
14044 [0x002] 8 [FF F8 70 05 6C 00 00 00]
14047 [0x352] 8 [00 00 00 00 01 00 00 00]
14051 [0x333] 8 [00 00 00 00 8D 06 D0 0F]
14054 [0x291] 8 [00 04 3A 26 00 00 0B 00]
14058 [0x232] 8 [CE 28 23 27 48 13 A7 00]
14062 [0x002] 8 [FF F8 70 09 70 00 00 00]
14065 [0x351] 8 [00 00 00 00 00 10 2F 00]
14069 [0x706] 8 [49 00 00 00 00 00 FE 00]
14072 [0x291] 8 [00 04 3A 26 00 00 0D 00]
14076 [0x232] 8 [D0 28 24 27 48 13 A7 00]
14080 [0x002] 8 [FF F8 70 0D 74 00 00 00]
14084 [0x351] 8 [00 00 00 00 00 10 21 00]
14088 [0x431] 8 [00 00 00 00 00 42 02 00]
14091 [0x334] 8 [00 00 00 00 00 00 00 00]
14095 [0x291] 8 [00 04 3A 26 00 00 0F 00]
14098 [0x452] 8 [00 00 00 00 00 00 00 00]
14102 [0x002] 8 [FF F8 70 01 68 00 00 00]
14105 [0x351] 8 [00 00 00 00 00 10 23 00]
14109 [0x4B1] 8 [02 08 01 00 01 06 00 00]
14113 [0x291] 8 [00 04 3A 26 00 00 01 00]
14116 [0x706] 8 [49 00 00 00 00 00 FE 00]
14120 [0x002] 8 [FF F8 70 05 6C 00 00 00]
14124 [0x351] 8 [00 00 00 00 00 10 25 00]
14128 [0x431] 8 [00 00 00 00 00 42 02 00]
14131 [0x291] 8 [00 04 3A 26 00 00 03 00]
14135 [0x231] 8 [14 08 1E 1E 1E CD 28 60]
14139 [0x232] 8 [CE 28 24 27 48 13 A7 00]
14142 [0x002] 8 [FF F8 70 09 70 00 00 00]
14146 [0x351] 8 [00 00 00 00 00 10 27 00]
14149 [0x4B1] 8 [02 08 05 00 01 06 00 00]
14153 [0x291] 8 [00 04 3A 26 00 00 05 00]
14156 [0x705] 8 [47 49 42 64 0C 00 1C 08]
14160 [0x002] 8 [FF F8 70 0D 74 00 00 00]
14164 [0x351] 8 [00 00 00 00 00 10 29 00]
14168 [0x706] 8 [49 00 00 00 00 00 FE 00]
14172 [0x291] 8 [00 04 3A 26 00 00 07 00]
14175 [0x231] 8 [07 08 1E 1E 1E D0 28 60]
14179 [0x232] 8 [D1 28 24 27 48 13 A7 00]
14182 [0x002] 8 [FF F8 70 01 68 00 00 00]
14186 [0x231] 8 [13 08 1E 1E 1E D0 28 60]
14190 [0x4B1] 8 [02 08 09 00 01 06 00 00]
14193 [0x291] 8 [00 04 3A 26 00 00 09 00]
14197 [0x452] 8 [00 00 00 00 00 00 00 00]
14200 [0x002] 8 [FF F8 70 05 6C 00 00 00]
14204 [0x351] 8 [00 00 00 00 00 10 2D 00]
14208 [0x705] 8 [47 4B 42 54 0C 00 10 08]
14212 [0x291] 8 [00 04 3A 26 00 00 0B 00]
14216 [0x706] 8 [49 00 00 00 00 00 FE 00]
14219 [0x232] 8 [D2 28 25 27 48 13 A7 00]
14223 [0x002] 8 [FF F8 70 09 70 00 00 00]
14226 [0x232] 8 [D0 28 25 27 48 13 A7 00]
14230 [0x332] 8 [00 00 FF FF 00 00 00 00]
14233 [0x291] 8 [00 04 3A 26 00 00 0D 00]
14237 [0x232] 8 [D0 28 25 27 48 13 A7 00]
14241 [0x002] 8 [FF F8 70 0D 74 00 00 00]
14244 [0x351] 8 [00 00 00 00 00 10 21 00]
14248 [0x491] 8 [5E 6E 20 90 00 B1 B1 1B]
14252 [0x291] 8 [00 04 3A 26 00 00 0F 00]
14256 [0x705] 8 [47 49 42 4C 0C 00 09 08]
14259 [0x232] 8 [D0 28 25 27 48 13 A7 00]
14263 [0x002] 8 [FF F8 70 01 68 00 00 00]
14267 [0x235] 8 [00 01 0D 05 03 28 80 00]
14270 [0x002] 8 [FF F8 70 03 6A 00 00 00]
14274 [0x291] 8 [00 04 3A 26 00 00 01 00]
14277 [0x232] 8 [D2 28 25 27 48 13 A7 00]
14281 [0x002] 8 [FF F8 70 05 6C 00 00 00]
14284 [0x351] 8 [00 00 00 00 00 10 25 00]
14288 [0x431] 8 [00 00 00 00 00 42 02 00]
14291 [0x291] 8 [00 04 3A 26 00 00 03 00]
14296 [0x432] 8 [81 11 FA 00 1E 8D FA 3E]
14300 [0x452] 8 [00 00 00 00 00 00 00 00]
14303 [0x002] 8 [FF F8 70 09 70 00 00 00]
14307 [0x352] 8 [00 00 00 00 01 00 00 00]
14310 [0x333] 8 [00 00 00 00 87 06 D0 0F]
14314 [0x291] 8 [00 04 3A 26 00 00 05 00]
14317 [0x706] 8 [49 00 00 00 00 00 FE 00]
14321 [0x002] 8 [FF F8 70 0D 74 00 00 00]
14325 [0x351] 8 [00 00 00 00 00 10 29 00]
14328 [0x4B1] 8 [02 08 07 00 01 06 00 00]
14332 [0x291] 8 [00 04 3A 26 00 00 07 00]
14336 [0x232] 8 [D0 28 26 27 48 13 A7 00]
14340 [0x002] 8 [FF F8 70 01 68 00 00 00]
14343 [0x351] 8 [00 00 00 00 00 10 2B 00]
14347 [0x431] 8 [00 00 00 00 00 42 02 00]
14351 [0x334] 8 [00 00 00 00 00 00 00 00]
14354 [0x291] 8 [00 04 3A 26 00 00 09 00]
14358 [0x705] 8 [47 4B 42 79 0C 00 0E 08]
14361 [0x002] 8 [FF F8 70 05 6C 00 00 00]
14365 [0x351] 8 [00 00 00 00 00 10 2D 00]
14368 [0x4B1] 8 [02 08 0B 00 01 06 00 00]
14372 [0x291] 8 [00 04 3A 26 00 00 0B 00]
14376 [0x232] 8 [CF 28 25 27 48 13 A7 00]
14380 [0x002] 8 [FF F8 70 09 70 00 00 00]
14384 [0x351] 8 [00 00 00 00 00 10 2F 00]
14387 [0x431] 8 [00 00 00 00 00 42 02 00]
14391 [0x334] 8 [00 00 00 00 00 00 00 00]
14394 [0x291] 8 [00 04 3A 26 00 00 0D 00]
14398 [0x452] 8 [00 00 00 00 00 00 00 00]
14402 [0x002] 8 [FF F8 70 0D 74 00 00 00]
14405 [0x351] 8 [00 00 00 00 00 10 21 00]
14409 [0x4B1] 8 [02 08 0F 00 01 06 00 00]
14412 [0x291] 8 [00 04 3A 26 00 00 0F 00]
14416 [0x232] 8 [D1 28 25 27 48 13 A7 00]
14419 [0x002] 8 [FF F8 70 01 68 00 00 00]
14424 [0x351] 8 [00 00 00 00 00 10 23 00]
14428 [0x431] 8 [00 00 00 00 00 42 02 00]
14431 [0x291] 8 [00 04 3A 26 00 00 01 00]
14435 [0x231] 8 [0A 08 1E 1E 1E CE 28 60]
14438 [0x232] 8 [CF 28 24 27 48 13 A7 00]
14442 [0x002] 8 [FF F8 70 05 6C 00 00 00]
14445 [0x231] 8 [1B 08 1E 1E 1E D0 28 60]
14449 [0x4B1] 8 [02 08 03 00 01 06 00 00]
14453 [0x291] 8 [00 04 3A 26 00 00 03 00]
14456 [0x232] 8 [CF 28 25 27 48 13 A7 00]
14460 [0x002] 8 [FF F8 70 09 70 00 00 00]
14464 [0x351] 8 [00 00 00 00 00 10 27 00]
14468 [0x706] 8 [49 00 00 00 00 00 FE 00]
14471 [0x291] 8 [00 04 3A 26 00 00 05 00]
14475 [0x231] 8 [1E 08 1E 1E 1E D0 28 60]
14479 [0x232] 8 [D1 28 25 27 48 13 A7 00]
14482 [0x002] 8 [FF F8 70 0D 74 00 00 00]
14486 [0x232] 8 [CF 28 25 27 48 13 A7 00]
14489 [0x002] 8 [FF F8 70 0F 76 00 00 00]
14493 [0x291] 8 [00 04 3A 26 00 00 07 00]
14496 [0x452] 8 [00 00 00 00 00 00 00 00]
14500 [0x002] 8 [FF F8 70 01 68 00 00 00]
14504 [0x351] 8 [00 00 00 00 00 10 2B 00]
14508 [0x705] 8 [47 49 42 74 0C 00 13 08]
14512 [0x291] 8 [00 04 3A 26 00 00 09 00]
14515 [0x231] 8 [0D 08 1E 1E 1E CE 28 60]
14519 [0x706] 8 [49 00 00 00 00 00 FE 00]
14522 [0x002] 8 [FF F8 70 05 6C 00 00 00]
14526 [0x235] 8 [00 0B 0D 05 03 28 80 00]
14530 [0x332] 8 [00 00 FF FF 00 00 00 00]
14533 [0x291] 8 [00 04 3A 26 00 00 0B 00]
14537 [0x232] 8 [D1 28 26 27 48 13 A7 00]
14540 [0x002] 8 [FF F8 70 09 70 00 00 00]
14544 [0x351] 8 [00 00 00 00 00 10 2F 00]
14547 [0x491] 8 [5E 6E 20 90 00 B1 B1 1B]
14552 [0x291] 8 [00 04 3A 26 00 00 0D 00]
14555 [0x231] 8 [0E 08 1E 1E 1E CD 28 60]
14559 [0x705] 8 [47 49 42 6E 0C 00 15 08]
14563 [0x002] 8 [FF F8 70 0D 74 00 00 00]
14566 [0x352] 8 [00 00 00 00 01 00 00 00]
14570 [0x333] 8 [00 00 00 00 81 06 D0 0F]
14573 [0x291] 8 [00 04 3A 26 00 00 0F 00]
14577 [0x232] 8 [CF 28 25 27 48 13 A7 00]
14580 [0x002] 8 [FF F8 70 01 68 00 00 00]
14584 [0x351] 8 [00 00 00 00 00 10 23 00]
14588 [0x4B1] 8 [02 08 01 00 01 06 00 00]
14592 [0x291] 8 [00 04 3A 26 00 00 01 00]
14596 [0x232] 8 [D1 28 26 27 48 13 A7 00]
14599 [0x002] 8 [FF F8 70 05 6C 00 00 00]
14603 [0x351] 8 [00 00 00 00 00 10 25 00]
14606 [0x431] 8 [00 00 00 00 00 42 02 00]
14610 [0x334] 8 [00 00 00 00 00 00 00 00]
14614 [0x291] 8 [00 04 3A 26 00 00 03 00]
14617 [0x232] 8 [D0 28 25 27 48 13 A7 00]
14621 [0x002] 8 [FF F8 70 09 70 00 00 00]
14624 [0x351] 8 [00 00 00 00 00 10 27 00]
14628 [0x4B1] 8 [02 08 05 00 01 06 00 00]
14631 [0x291] 8 [00 04 3A 26 00 00 05 00]
14636 [0x232] 8 [CE 28 25 27 48 13 A7 00]
14640 [0x002] 8 [FF F8 70 0D 74 00 00 00]
14643 [0x351] 8 [00 00 00 00 00 10 29 00]
14647 [0x432] 8 [81 11 FA 00 1E 8D FA 3E]
14650 [0x334] 8 [00 00 00 00 00 00 00 00]
14654 [0x291] 8 [00 04 3A 26 00 00 07 00]
14657 [0x232] 8 [CE 28 25 27 48 13 A7 00]
14661 [0x002] 8 [FF F8 70 01 68 00 00 00]
14665 [0x351] 8 [00 00 00 00 00 10 2B 00]
14668 [0x4B1] 8 [02 08 09 00 01 06 00 00]
14672 [0x291] 8 [00 04 3A 26 00 00 09 00]
14675 [0x232] 8 [D0 28 25 27 48 13 A7 00]
14680 [0x002] 8 [FF F8 70 05 6C 00 00 00]
14683 [0x351] 8 [00 00 00 00 00 10 2D 00]
14687 [0x431] 8 [00 00 00 00 00 42 02 00]
14691 [0x291] 8 [00 04 3A 26 00 00 0B 00]
14694 [0x491] 8 [5E 6E 20 90 00 B1 B1 1B]
14698 [0x452] 8 [00 00 00 00 00 00 00 00]
14701 [0x002] 8 [FF F8 70 09 70 00 00 00]
14705 [0x231] 8 [24 08 1E 1E 1E CF 28 60]
14708 [0x4B1] 8 [02 08 0D 00 01 06 00 00]
14712 [0x291] 8 [00 04 3A 26 00 00 0D 00]
14716 [0x706] 8 [49 00 00 00 00 00 FE 00]
14720 [0x002] 8 [FF F8 70 0D 74 00 00 00]
14724 [0x351] 8 [00 00 00 00 00 10 21 00]
14727 [0x431] 8 [00 00 00 00 00 42 02 00]
14731 [0x291] 8 [00 04 3A 26 00 00 0F 00]
14734 [0x231] 8 [24 08 1E 1E 1E CF 28 60]
14738 [0x232] 8 [D0 28 26 27 48 13 A7 00]
14742 [0x002] 8 [FF F8 70 01 68 00 00 00]
14745 [0x232] 8 [CE 28 26 27 48 13 A7 00]
14749 [0x331] 8 [EE FF 00 00 00 00 00 80]
14752 [0x291] 8 [00 04 3A 26 00 00 01 00]
14756 [0x705] 8 [47 49 42 72 0C 00 1B 08]
14759 [0x002] 8 [FF F8 70 05 6C 00 00 00]
14764 [0x351] 8 [00 00 00 00 00 10 25 00]
14768 [0x706] 8 [49 00 00 00 00 00 FE 00]
14771 [0x291] 8 [00 04 3A 26 00 00 03 00]
14775 [0x231] 8 [13 08 1E 1E 1E CD 28 60]
14778 [0x232] 8 [CE 28 26 27 48 13 A7 00]
14782 [0x002] 8 [FF F8 70 09 70 00 00 00]
14785 [0x235] 8 [00 05 0D 05 03 28 80 00]
14789 [0x332] 8 [00 00 FF FF 00 00 00 00]
14792 [0x291] 8 [00 04 3A 26 00 00 05 00]
14796 [0x452] 8 [00 00 00 00 00 00 00 00]
14800 [0x002] 8 [FF F8 70 0D 74 00 00 00]
14803 [0x351] 8 [00 00 00 00 00 10 29 00]
14808 [0x4B1] 8 [02 08 07 00 01 06 00 00]
14811 [0x291] 8 [00 04 3A 26 00 00 07 00]
14815 [0x231] 8 [13 08 1E 1E 1E CF 28 60]
14818 [0x232] 8 [D0 28 24 27 48 13 A7 00]
14822 [0x002] 8 [FF F8 70 01 68 00 00 00]
14826 [0x352] 8 [00 00 00 00 01 00 00 00]
14829 [0x333] 8 [00 00 00 00 8B 06 D0 0F]
14833 [0x291] 8 [00 04 3A 26 00 00 09 00]
14836 [0x232] 8 [CE 28 24 27 48 13 A7 00]
14840 [0x002] 8 [FF F8 70 05 6C 00 00 00]
14843 [0x351] 8 [00 00 00 00 00 10 2D 00]
14848 [0x4B1] 8 [02 08 0B 00 01 06 00 00]
14852 [0x291] 8 [00 04 3A 26 00 00 0B 00]
14855 [0x232] 8 [D0 28 24 27 48 13 A7 00]
14859 [0x002] 8 [FF F8 70 09 70 00 00 00]
14862 [0x351] 8 [00 00 00 00 00 10 2F 00]
14866 [0x431] 8 [00 00 00 00 00 42 02 00]
14869 [0x334] 8 [00 00 00 00 00 00 00 00]
14873 [0x291] 8 [00 04 3A 26 00 00 0D 00]
14877 [0x232] 8 [D0 28 24 27 48 13 A7 00]
14880 [0x002] 8 [FF F8 70 0D 74 00 00 00]
14884 [0x351] 8 [00 00 00 00 00 10 21 00]
14887 [0x4B1] 8 [02 08 0F 00 01 06 00 00]
14892 [0x291] 8 [00 04 3A 26 00 00 0F 00]
14895 [0x451] 8 [76 02 00 88 1E 00 01 00]
14899 [0x002] 8 [FF F8 70 01 68 00 00 00]
14903 [0x351] 8 [00 00 00 00 00 10 23 00]
14906 [0x705] 8 [47 4B 42 52 0C 00 1D 08]
14910 [0x334] 8 [00 00 00 00 00 00 00 00]
14913 [0x291] 8 [00 04 3A 26 00 00 01 00]
14917 [0x706] 8 [49 00 00 00 00 00 FE 00]
14920 [0x002] 8 [FF F8 70 05 6C 00 00 00]
14924 [0x351] 8 [00 00 00 00 00 10 25 00]
14928 [0x4B1] 8 [02 08 03 00 01 06 00 00]
14931 [0x291] 8 [00 04 3A 26 00 00 03 00]
14936 [0x232] 8 [D0 28 23 27 48 13 A7 00]
14939 [0x002] 8 [FF F8 70 09 70 00 00 00]
14943 [0x351] 8 [00 00 00 00 00 10 27 00]
14946 [0x451] 8 [78 02 00 88 1E 00 01 00]
14950 [0x291] 8 [00 04 3A 26 00 00 05 00]
14954 [0x231] 8 [16 08 1E 1E 1E CC 28 60]
14957 [0x705] 8 [47 49 42 50 0C 00 1E 08]
14961 [0x002] 8 [FF F8 70 0D 74 00 00 00]
14964 [0x231] 8 [28 08 1E 1E 1E CF 28 60]
14968 [0x002] 8 [FF F8 70 0F 76 00 00 00]
14971 [0x291] 8 [00 04 3A 26 00 00 07 00]
14976 [0x232] 8 [CE 28 23 27 48 13 A7 00]
14980 [0x002] 8 [FF F8 70 01 68 00 00 00]
14983 [0x351] 8 [00 00 00 00 00 10 2B 00]
14987 [0x431] 8 [00 00 00 00 00 42 02 00]
14990 [0x291] 8 [00 04 3A 26 00 00 09 00]
14994 [0x491] 8 [5E 6E 20 90 00 B1 B1 1B]
14997 [0x452] 8 [00 00 00 00 00 00 00 00]
15001 [0x002] 8 [FF F8 70 05 6C 00 00 00]
15005 [0x232] 8 [CD 28 22 27 48 13 A7 00]
15008 [0x331] 8 [EE FF 00 00 00 00 01 80]
15012 [0x291] 8 [00 04 3A 26 00 00 0B 00]
15015 [0x232] 8 [CF 28 22 27 48 13 A7 00]
15020 [0x002] 8 [FF F8 70 09 70 00 00 00]
15023 [0x351] 8 [00 00 00 00 00 10 2F 00]
15027 [0x431] 8 [00 00 00 00 00 42 02 00]
15031 [0x291] 8 [00 04 3A 26 00 00 0D 00]
15034 [0x231] 8 [16 08 1E 1E 1E CC 28 60]
15038 [0x232] 8 [CD 28 22 27 48 13 A7 00]
15041 [0x002] 8 [FF F8 70 0D 74 00 00 00]
15045 [0x235] 8 [00 0F 0D 05 03 28 80 00]
15048 [0x333] 8 [00 00 00 00 81 06 D0 0F]
15052 [0x291] 8 [00 04 3A 26 00 00 0F 00]
15055 [0x232] 8 [D0 28 21 27 48 13 A7 00]
15059 [0x002] 8 [FF F8 70 01 68 00 00 00]
15064 [0x351] 8 [00 00 00 00 00 10 23 00]
15067 [0x4B1] 8 [02 08 01 00 01 06 00 00]
15071 [0x291] 8 [00 04 3A 26 00 00 01 00]
15074 [0x231] 8 [18 08 1E 1E 1E CC 28 60]
15078 [0x002] 8 [FF F8 70 05 6C 00 00 00]
15081 [0x351] 8 [00 00 00 00 00 10 25 00]
15085 [0x352] 8 [00 00 00 00 01 00 00 00]
15089 [0x334] 8 [00 00 00 00 00 00 00 00]
15092 [0x291] 8 [00 04 3A 26 00 00 03 00]
15096 [0x452] 8 [00 00 00 00 00 00 00 00]
15099 [0x002] 8 [FF F8 70 09 70 00 00 00]
15104 [0x351] 8 [00 00 00 00 00 10 27 00]
15107 [0x4B1] 8 [02 08 05 00 01 06 00 00]
15111 [0x291] 8 [00 04 3A 26 00 00 05 00]
15115 [0x706] 8 [49 00 00 00 00 00 FE 00]
15118 [0x002] 8 [FF F8 70 0D 74 00 00 00]
15122 [0x351] 8 [00 00 00 00 00 10 29 00]
15125 [0x431] 8 [00 00 00 00 00 42 02 00]
15129 [0x334] 8 [00 00 00 00 00 00 00 00]
15132 [0x291] 8 [00 04 3A 26 00 00 07 00]
15136 [0x232] 8 [CF 28 22 27 48 13 A7 00]
15140 [0x002] 8 [FF F8 70 01 68 00 00 00]
15143 [0x351] 8 [00 00 00 00 00 10 2B 00]
15148 [0x4B1] 8 [02 08 09 00 01 06 00 00]
15151 [0x291] 8 [00 04 3A 26 00 00 09 00]
15155 [0x705] 8 [47 49 42 1F 0C 00 22 08]
15158 [0x002] 8 [FF F8 70 05 6C 00 00 00]
15162 [0x351] 8 [00 00 00 00 00 10 2D 00]
15166 [0x706] 8 [49 00 00 00 00 00 FE 00]
15169 [0x334] 8 [00 00 00 00 00 00 00 00]
15173 [0x291] 8 [00 04 3A 26 00 00 0B 00]
15176 [0x232] 8 [CD 28 23 27 48 13 A7 00]
15180 [0x002] 8 [FF F8 70 09 70 00 00 00]
15183 [0x351] 8 [00 00 00 00 00 10 2F 00]
15187 [0x4B1] 8 [02 08 0D 00 01 06 00 00]
15192 [0x291] 8 [00 04 3A 26 00 00 0D 00]
15195 [0x452] 8 [00 00 00 00 00 00 00 00]
15199 [0x002] 8 [FF F8 70 0D 74 00 00 00]
15202 [0x351] 8 [00 00 00 00 00 10 21 00]
15206 [0x705] 8 [47 47 42 3F 0C 00 23 08]
15209 [0x291] 8 [00 04 3A 26 00 00 0F 00]
15213 [0x706] 8 [49 00 00 00 00 00 FE 00]
15217 [0x232] 8 [CD 28 23 27 48 13 A7 00]
15220 [0x002] 8 [FF F8 70 01 68 00 00 00]
15224 [0x231] 8 [2D 08 1E 1E 1E CE 28 60]
15227 [0x331] 8 [EE FF 00 00 00 00 01 80]
15232 [0x291] 8 [00 04 3A 26 00 00 01 00]
15235 [0x232] 8 [CD 28 23 27 48 13 A7 00]
15239 [0x002] 8 [FF F8 70 05 6C 00 00 00]
15243 [0x351] 8 [00 00 00 00 00 10 25 00]
15246 [0x452] 8 [00 00 00 00 00 00 00 00]
15250 [0x291] 8 [00 04 3A 26 00 00 03 00]
15253 [0x705] 8 [47 4B 42 3C 0C 00 23 08]
15257 [0x232] 8 [CF 28 23 27 48 13 A7 00]
15260 [0x002] 8 [FF F8 70 09 70 00 00 00]
15264 [0x232] 8 [CD 28 23 27 48 13 A7 00]
15268 [0x332] 8 [00 00 FF FF 00 00 00 00]
15271 [0x291] 8 [00 04 3A 26 00 00 05 00]
15276 [0x232] 8 [CD 28 23 27 48 13 A7 00]
15279 [0x002] 8 [FF F8 70 0D 74 00 00 00]
15283 [0x351] 8 [00 00 00 00 00 10 29 00]
